bucket,rank,cty_name,Gallons_Gain,Gallons_Loss,d_gallons,d_qty_liters,d_value_usd,flag
Expanding,1,European Union (27),223338227.0357281,NA,223338227.0357281,845427324,606972701,https://public.flourish.studio/country-flags/svg/eu.svg
Expanding,2,Canada,98282247.61054385,NA,98282247.61054385,372038852,351419847,https://public.flourish.studio/country-flags/svg/ca.svg
Expanding,3,Brazil,45774432.09474799,NA,45774432.09474799,173275109,87098285,https://public.flourish.studio/country-flags/svg/br.svg
Expanding,4,Vietnam,40686416.765984,NA,40686416.765984,154014872,84090560,https://public.flourish.studio/country-flags/svg/vn.svg
Expanding,5,Jamaica,23753460.999628,NA,23753460.999628,89916649,62769940,https://public.flourish.studio/country-flags/svg/jm.svg
Contracting,5,Singapore,NA,-11995407.789524002,-11995407.789524002,-45407567,-23263157,https://public.flourish.studio/country-flags/svg/sg.svg
Contracting,4,Mexico,NA,-14028191.252451986,-14028191.252451986,-53102491,-23417010,https://public.flourish.studio/country-flags/svg/mx.svg
Contracting,3,Philippines,NA,-20422466.05894798,-20422466.05894798,-77307459,-29953074,https://public.flourish.studio/country-flags/svg/ph.svg
Contracting,2,United Kingdom,NA,-84555056.04826802,-84555056.04826802,-320075769,-178839104,https://public.flourish.studio/country-flags/svg/gb.svg
Contracting,1,India,NA,-95255699.54046798,-95255699.54046798,-360582119,-196306241,https://public.flourish.studio/country-flags/svg/in.svg
