fips,state,county,year,Yield (bu/acre)
01000,AL,OTHER COUNTIES,2023,143.7
01003,AL,BALDWIN,2023,185.2
01005,AL,BARBOUR,2023,186.9
01009,AL,BLOUNT,2023,146.9
01015,AL,CALHOUN,2023,180.3
01019,AL,CHEROKEE,2023,153.2
01021,AL,CHILTON,2023,165
01031,AL,COFFEE,2023,111
01033,AL,COLBERT,2023,172
01039,AL,COVINGTON,2023,140.1
01043,AL,CULLMAN,2023,174.9
01045,AL,DALE,2023,141.8
01047,AL,DALLAS,2023,133
01049,AL,DE KALB,2023,175.5
01051,AL,ELMORE,2023,133.8
01053,AL,ESCAMBIA,2023,167.1
01055,AL,ETOWAH,2023,140.9
01057,AL,FAYETTE,2023,135.6
01059,AL,FRANKLIN,2023,161.3
01061,AL,GENEVA,2023,135.6
01067,AL,HENRY,2023,159.8
01069,AL,HOUSTON,2023,166.5
01071,AL,JACKSON,2023,164.3
01077,AL,LAUDERDALE,2023,155.6
01079,AL,LAWRENCE,2023,171.9
01083,AL,LIMESTONE,2023,182.3
01087,AL,MACON,2023,138.6
01089,AL,MADISON,2023,201.2
01091,AL,MARENGO,2023,115.3
01093,AL,MARION,2023,141.3
01095,AL,MARSHALL,2023,174.2
01099,AL,MONROE,2023,183.7
01103,AL,MORGAN,2023,177
01105,AL,PERRY,2023,102.9
01109,AL,PIKE,2023,145.8
01111,AL,RANDOLPH,2023,149.4
01121,AL,TALLADEGA,2023,170.2
01125,AL,TUSCALOOSA,2023,167.9
05000,AR,OTHER COUNTIES,2023,179.6
05001,AR,ARKANSAS,2023,184.4
05003,AR,ASHLEY,2023,177.5
05017,AR,CHICOT,2023,178.6
05021,AR,CLAY,2023,183
05035,AR,CRITTENDEN,2023,189.2
05037,AR,CROSS,2023,191.5
05041,AR,DESHA,2023,192.3
05043,AR,DREW,2023,191.9
05055,AR,GREENE,2023,191.2
05067,AR,JACKSON,2023,186
05069,AR,JEFFERSON,2023,175.8
05077,AR,LEE,2023,192.2
05079,AR,LINCOLN,2023,181.7
05085,AR,LONOKE,2023,173.5
05093,AR,MISSISSIPPI,2023,192.2
05095,AR,MONROE,2023,164.6
05107,AR,PHILLIPS,2023,189.5
05111,AR,POINSETT,2023,188.2
05117,AR,PRAIRIE,2023,192.3
05123,AR,SAINT FRANCIS,2023,185.9
05145,AR,WHITE,2023,186.7
05147,AR,WOODRUFF,2023,156.3
05149,AR,YELL,2023,150.7
06000,CA,OTHER COUNTIES,2023,149.1
06011,CA,COLUSA,2023,212.5
06021,CA,GLENN,2023,166.9
06067,CA,SACRAMENTO,2023,201.6
06077,CA,SAN JOAQUIN,2023,206.8
06113,CA,YOLO,2023,201.7
08000,CO,OTHER COUNTIES,2023,93.9
08011,CO,BENT,2023,146.6
08013,CO,BOULDER,2023,140.1
08029,CO,DELTA,2023,231.1
08039,CO,ELBERT,2023,46.9
08061,CO,KIOWA,2023,79.4
08063,CO,KIT CARSON,2023,94.5
08069,CO,LARIMER,2023,194.8
08075,CO,LOGAN,2023,152
08087,CO,MORGAN,2023,194.7
08095,CO,PHILLIPS,2023,114.8
08099,CO,PROWERS,2023,160.2
08101,CO,PUEBLO,2023,190.8
08115,CO,SEDGWICK,2023,114.1
08121,CO,WASHINGTON,2023,88.6
08123,CO,WELD,2023,211.2
08125,CO,YUMA,2023,169.5
10001,DE,KENT,2023,194.5
10003,DE,NEW CASTLE,2023,191.6
10005,DE,SUSSEX,2023,185.5
13000,GA,OTHER COUNTIES,2023,165.3
13007,GA,BAKER,2023,191.2
13011,GA,BANKS,2023,155.5
13019,GA,BERRIEN,2023,166.7
13027,GA,BROOKS,2023,175.8
13031,GA,BULLOCH,2023,142
13033,GA,BURKE,2023,180.6
13037,GA,CALHOUN,2023,210.8
13061,GA,CLAY,2023,192.7
13069,GA,COFFEE,2023,157.4
13071,GA,COLQUITT,2023,193.7
13075,GA,COOK,2023,181.5
13099,GA,EARLY,2023,173.5
13107,GA,EMANUEL,2023,171.3
13115,GA,FLOYD,2023,120.8
13119,GA,FRANKLIN,2023,162.2
13129,GA,GORDON,2023,168.9
13131,GA,GRADY,2023,178.2
13139,GA,HALL,2023,129
13155,GA,IRWIN,2023,197.4
13161,GA,JEFF DAVIS,2023,151.9
13163,GA,JEFFERSON,2023,197.4
13165,GA,JENKINS,2023,181.9
13167,GA,JOHNSON,2023,166.3
13175,GA,LAURENS,2023,170.1
13185,GA,LOWNDES,2023,156
13193,GA,MACON,2023,194.6
13201,GA,MILLER,2023,191.9
13229,GA,PIERCE,2023,172.7
13241,GA,RABUN,2023,120.6
13243,GA,RANDOLPH,2023,168.5
13251,GA,SCREVEN,2023,166.7
13261,GA,SUMTER,2023,189.7
13267,GA,TATTNALL,2023,175.8
13269,GA,TAYLOR,2023,104
13273,GA,TERRELL,2023,162.4
13275,GA,THOMAS,2023,174
13277,GA,TIFT,2023,187.9
13287,GA,TURNER,2023,147
13295,GA,WALKER,2023,155.7
13297,GA,WALTON,2023,81.7
13299,GA,WARE,2023,131
13303,GA,WASHINGTON,2023,202.4
13315,GA,WILCOX,2023,186.2
13321,GA,WORTH,2023,179.5
16000,ID,OTHER COUNTIES,2023,196.8
16011,ID,BINGHAM,2023,184
16027,ID,CANYON,2023,220
16041,ID,FRANKLIN,2023,161.5
16045,ID,GEM,2023,219
16047,ID,GOODING,2023,195.2
16063,ID,LINCOLN,2023,192.7
16073,ID,OWYHEE,2023,215.5
16075,ID,PAYETTE,2023,205
16077,ID,POWER,2023,187.3
16083,ID,TWIN FALLS,2023,196.9
16087,ID,WASHINGTON,2023,226.7
17000,IL,OTHER COUNTIES,2023,208.5
17001,IL,ADAMS,2023,185.7
17005,IL,BOND,2023,194.5
17007,IL,BOONE,2023,212.7
17009,IL,BROWN,2023,192.4
17011,IL,BUREAU,2023,223.5
17013,IL,CALHOUN,2023,197.4
17015,IL,CARROLL,2023,229.5
17017,IL,CASS,2023,215.8
17019,IL,CHAMPAIGN,2023,218.2
17021,IL,CHRISTIAN,2023,216.8
17023,IL,CLARK,2023,204.6
17025,IL,CLAY,2023,178.3
17027,IL,CLINTON,2023,156.6
17029,IL,COLES,2023,221.3
17033,IL,CRAWFORD,2023,194.3
17035,IL,CUMBERLAND,2023,206.6
17037,IL,DE KALB,2023,222.8
17041,IL,DOUGLAS,2023,211.6
17045,IL,EDGAR,2023,208.5
17047,IL,EDWARDS,2023,184.8
17049,IL,EFFINGHAM,2023,186
17051,IL,FAYETTE,2023,172.2
17053,IL,FORD,2023,223.3
17055,IL,FRANKLIN,2023,173.7
17057,IL,FULTON,2023,201.2
17061,IL,GREENE,2023,203.6
17067,IL,HANCOCK,2023,204.2
17071,IL,HENDERSON,2023,229.7
17073,IL,HENRY,2023,223.5
17075,IL,IROQUOIS,2023,216.5
17077,IL,JACKSON,2023,165.2
17079,IL,JASPER,2023,191.8
17081,IL,JEFFERSON,2023,155.7
17083,IL,JERSEY,2023,201.9
17085,IL,JO DAVIESS,2023,211.2
17087,IL,JOHNSON,2023,159.6
17089,IL,KANE,2023,209.1
17091,IL,KANKAKEE,2023,207.5
17093,IL,KENDALL,2023,206.2
17095,IL,KNOX,2023,219
17097,IL,LAKE,2023,192.9
17099,IL,LA SALLE,2023,199.7
17101,IL,LAWRENCE,2023,186.3
17103,IL,LEE,2023,207.7
17105,IL,LIVINGSTON,2023,220.1
17107,IL,LOGAN,2023,211.1
17109,IL,MCDONOUGH,2023,224.2
17113,IL,MCLEAN,2023,223.3
17115,IL,MACON,2023,225.3
17117,IL,MACOUPIN,2023,199.3
17119,IL,MADISON,2023,189.3
17121,IL,MARION,2023,157.8
17125,IL,MASON,2023,208.1
17127,IL,MASSAC,2023,174.9
17129,IL,MENARD,2023,214.4
17131,IL,MERCER,2023,226.6
17133,IL,MONROE,2023,154
17135,IL,MONTGOMERY,2023,202.6
17137,IL,MORGAN,2023,200.2
17139,IL,MOULTRIE,2023,220.5
17141,IL,OGLE,2023,216.8
17143,IL,PEORIA,2023,220
17145,IL,PERRY,2023,165.2
17147,IL,PIATT,2023,223.2
17149,IL,PIKE,2023,189.8
17151,IL,POPE,2023,161.3
17153,IL,PULASKI,2023,161.7
17155,IL,PUTNAM,2023,213.7
17157,IL,RANDOLPH,2023,161.7
17159,IL,RICHLAND,2023,192.5
17161,IL,ROCK ISLAND,2023,218.9
17163,IL,ST CLAIR,2023,174
17165,IL,SALINE,2023,170.3
17167,IL,SANGAMON,2023,221.1
17169,IL,SCHUYLER,2023,188.8
17171,IL,SCOTT,2023,196.3
17173,IL,SHELBY,2023,196.6
17175,IL,STARK,2023,234.1
17177,IL,STEPHENSON,2023,217
17179,IL,TAZEWELL,2023,222
17181,IL,UNION,2023,142.3
17183,IL,VERMILION,2023,204.2
17185,IL,WABASH,2023,184.1
17189,IL,WASHINGTON,2023,178.6
17191,IL,WAYNE,2023,185.1
17193,IL,WHITE,2023,171
17195,IL,WHITESIDE,2023,201.3
17197,IL,WILL,2023,195.2
17199,IL,WILLIAMSON,2023,170.3
17201,IL,WINNEBAGO,2023,190.4
17203,IL,WOODFORD,2023,223.2
18000,IN,OTHER COUNTIES,2023,202.5
18001,IN,ADAMS,2023,202.8
18003,IN,ALLEN,2023,190.4
18005,IN,BARTHOLOMEW,2023,195
18007,IN,BENTON,2023,222.2
18009,IN,BLACKFORD,2023,200.3
18011,IN,BOONE,2023,207.2
18013,IN,BROWN,2023,183.5
18019,IN,CLARK,2023,188.9
18021,IN,CLAY,2023,194.3
18023,IN,CLINTON,2023,234.4
18027,IN,DAVIESS,2023,213.9
18029,IN,DEARBORN,2023,189.1
18031,IN,DECATUR,2023,221.9
18035,IN,DELAWARE,2023,191.4
18039,IN,ELKHART,2023,181.7
18041,IN,FAYETTE,2023,208
18047,IN,FRANKLIN,2023,198.4
18051,IN,GIBSON,2023,202.5
18053,IN,GRANT,2023,219.2
18055,IN,GREENE,2023,189.6
18057,IN,HAMILTON,2023,205.8
18059,IN,HANCOCK,2023,206.9
18061,IN,HARRISON,2023,188.3
18063,IN,HENDRICKS,2023,222
18065,IN,HENRY,2023,197.4
18067,IN,HOWARD,2023,215.6
18069,IN,HUNTINGTON,2023,211.7
18073,IN,JASPER,2023,200.1
18075,IN,JAY,2023,198.7
18077,IN,JEFFERSON,2023,182.9
18079,IN,JENNINGS,2023,191.9
18081,IN,JOHNSON,2023,224.4
18083,IN,KNOX,2023,202
18085,IN,KOSCIUSKO,2023,198
18087,IN,LAGRANGE,2023,182.4
18089,IN,LAKE,2023,207.5
18091,IN,LA PORTE,2023,177.4
18095,IN,MADISON,2023,207.6
18097,IN,MARION,2023,185.9
18099,IN,MARSHALL,2023,196.9
18103,IN,MIAMI,2023,202
18105,IN,MONROE,2023,182.6
18107,IN,MONTGOMERY,2023,228
18109,IN,MORGAN,2023,200
18111,IN,NEWTON,2023,219.3
18113,IN,NOBLE,2023,195.3
18115,IN,OHIO,2023,165.2
18119,IN,OWEN,2023,191.8
18125,IN,PIKE,2023,199.1
18127,IN,PORTER,2023,201.7
18129,IN,POSEY,2023,198.8
18131,IN,PULASKI,2023,197.1
18133,IN,PUTNAM,2023,202.3
18135,IN,RANDOLPH,2023,193.2
18137,IN,RIPLEY,2023,180.9
18139,IN,RUSH,2023,221.5
18141,IN,ST. JOSEPH,2023,184.1
18143,IN,SCOTT,2023,192.6
18145,IN,SHELBY,2023,200.6
18149,IN,STARKE,2023,189
18151,IN,STEUBEN,2023,182.8
18153,IN,SULLIVAN,2023,199.2
18155,IN,SWITZERLAND,2023,181
18157,IN,TIPPECANOE,2023,222.4
18159,IN,TIPTON,2023,208.8
18161,IN,UNION,2023,221.8
18163,IN,VANDERBURGH,2023,186.4
18167,IN,VIGO,2023,198.8
18169,IN,WABASH,2023,206.8
18173,IN,WARRICK,2023,194.8
18177,IN,WAYNE,2023,194.2
18179,IN,WELLS,2023,205.6
18181,IN,WHITE,2023,197.7
18183,IN,WHITLEY,2023,181.9
19000,IA,OTHER COUNTIES,2023,198.9
19005,IA,ALLAMAKEE,2023,183.9
19007,IA,APPANOOSE,2023,172.8
19009,IA,AUDUBON,2023,197.6
19011,IA,BENTON,2023,199.7
19015,IA,BOONE,2023,226.5
19017,IA,BREMER,2023,199.9
19019,IA,BUCHANAN,2023,190.7
19021,IA,BUENA VISTA,2023,212
19023,IA,BUTLER,2023,183.1
19025,IA,CALHOUN,2023,201.6
19027,IA,CARROLL,2023,196.7
19031,IA,CEDAR,2023,205.7
19035,IA,CHEROKEE,2023,211.7
19037,IA,CHICKASAW,2023,198.9
19041,IA,CLAY,2023,203.9
19043,IA,CLAYTON,2023,201.1
19045,IA,CLINTON,2023,198
19047,IA,CRAWFORD,2023,187.9
19049,IA,DALLAS,2023,210.9
19051,IA,DAVIS,2023,179.8
19053,IA,DECATUR,2023,205.3
19055,IA,DELAWARE,2023,198.9
19057,IA,DES MOINES,2023,207.9
19059,IA,DICKINSON,2023,201.3
19061,IA,DUBUQUE,2023,199.5
19065,IA,FAYETTE,2023,205.9
19067,IA,FLOYD,2023,191.8
19069,IA,FRANKLIN,2023,210.5
19071,IA,FREMONT,2023,211
19073,IA,GREENE,2023,208
19075,IA,GRUNDY,2023,212.9
19079,IA,HAMILTON,2023,215.5
19081,IA,HANCOCK,2023,204.9
19083,IA,HARDIN,2023,213.3
19085,IA,HARRISON,2023,190.3
19087,IA,HENRY,2023,195.1
19089,IA,HOWARD,2023,183.9
19091,IA,HUMBOLDT,2023,205.8
19093,IA,IDA,2023,198
19095,IA,IOWA,2023,213.5
19097,IA,JACKSON,2023,189.6
19099,IA,JASPER,2023,218
19101,IA,JEFFERSON,2023,195.1
19103,IA,JOHNSON,2023,203.1
19105,IA,JONES,2023,190.7
19107,IA,KEOKUK,2023,211.6
19111,IA,LEE,2023,203.7
19113,IA,LINN,2023,179.5
19117,IA,LUCAS,2023,173.9
19119,IA,LYON,2023,200.2
19121,IA,MADISON,2023,202
19123,IA,MAHASKA,2023,214.9
19125,IA,MARION,2023,203.7
19127,IA,MARSHALL,2023,216.3
19129,IA,MILLS,2023,204.3
19131,IA,MITCHELL,2023,171.8
19133,IA,MONONA,2023,165.4
19135,IA,MONROE,2023,181.1
19137,IA,MONTGOMERY,2023,206.2
19139,IA,MUSCATINE,2023,211.9
19141,IA,O BRIEN,2023,212.7
19143,IA,OSCEOLA,2023,203.7
19145,IA,PAGE,2023,206.6
19147,IA,PALO ALTO,2023,211.7
19149,IA,PLYMOUTH,2023,205.7
19151,IA,POCAHONTAS,2023,218.1
19153,IA,POLK,2023,206.4
19155,IA,POTTAWATTAMIE,2023,198.5
19157,IA,POWESHIEK,2023,204.9
19161,IA,SAC,2023,199.1
19163,IA,SCOTT,2023,210.1
19165,IA,SHELBY,2023,196
19167,IA,SIOUX,2023,211.4
19169,IA,STORY,2023,211.4
19171,IA,TAMA,2023,197.4
19173,IA,TAYLOR,2023,192.9
19175,IA,UNION,2023,217
19177,IA,VAN BUREN,2023,189.3
19179,IA,WAPELLO,2023,202.9
19181,IA,WARREN,2023,199.2
19183,IA,WASHINGTON,2023,188.3
19187,IA,WEBSTER,2023,212.8
19189,IA,WINNEBAGO,2023,211.3
19191,IA,WINNESHIEK,2023,195.3
19193,IA,WOODBURY,2023,168.3
19195,IA,WORTH,2023,187.6
19197,IA,WRIGHT,2023,202.5
20000,KS,OTHER COUNTIES,2023,111.3
20001,KS,ALLEN,2023,96.7
20005,KS,ATCHISON,2023,183.2
20009,KS,BARTON,2023,125.8
20011,KS,BOURBON,2023,116
20013,KS,BROWN,2023,188.6
20015,KS,BUTLER,2023,97
20017,KS,CHASE,2023,110.1
20019,KS,CHAUTAUQUA,2023,92.2
20021,KS,CHEROKEE,2023,118.5
20023,KS,CHEYENNE,2023,112.7
20029,KS,CLOUD,2023,69.5
20031,KS,COFFEY,2023,91.8
20035,KS,COWLEY,2023,110.9
20037,KS,CRAWFORD,2023,112.7
20039,KS,DECATUR,2023,103.5
20041,KS,DICKINSON,2023,104.9
20045,KS,DOUGLAS,2023,131.8
20047,KS,EDWARDS,2023,157.3
20049,KS,ELK,2023,98.9
20053,KS,ELLSWORTH,2023,97.3
20059,KS,FRANKLIN,2023,117.2
20061,KS,GEARY,2023,124.4
20063,KS,GOVE,2023,57.6
20065,KS,GRAHAM,2023,63.5
20067,KS,GRANT,2023,150.4
20069,KS,GRAY,2023,203.7
20071,KS,GREELEY,2023,70.8
20073,KS,GREENWOOD,2023,66.3
20077,KS,HARPER,2023,101.6
20081,KS,HASKELL,2023,184.5
20085,KS,JACKSON,2023,170.7
20087,KS,JEFFERSON,2023,185.3
20091,KS,JOHNSON,2023,135.6
20095,KS,KINGMAN,2023,136
20097,KS,KIOWA,2023,139.8
20099,KS,LABETTE,2023,94.8
20101,KS,LANE,2023,65.9
20103,KS,LEAVENWORTH,2023,161.4
20105,KS,LINCOLN,2023,68
20109,KS,LOGAN,2023,84.6
20111,KS,LYON,2023,93.7
20113,KS,MCPHERSON,2023,93.7
20115,KS,MARION,2023,90.6
20117,KS,MARSHALL,2023,135.8
20119,KS,MEADE,2023,211.1
20121,KS,MIAMI,2023,137
20123,KS,MITCHELL,2023,61.5
20125,KS,MONTGOMERY,2023,118.4
20127,KS,MORRIS,2023,83.8
20131,KS,NEMAHA,2023,169.5
20133,KS,NEOSHO,2023,86.7
20139,KS,OSAGE,2023,101.1
20143,KS,OTTAWA,2023,93.6
20151,KS,PRATT,2023,181.2
20153,KS,RAWLINS,2023,104.1
20155,KS,RENO,2023,186.7
20159,KS,RICE,2023,112.4
20161,KS,RILEY,2023,143.5
20163,KS,ROOKS,2023,71.3
20167,KS,RUSSELL,2023,55
20169,KS,SALINE,2023,103.2
20173,KS,SEDGWICK,2023,132.1
20175,KS,SEWARD,2023,181.1
20177,KS,SHAWNEE,2023,137.9
20179,KS,SHERIDAN,2023,96.3
20181,KS,SHERMAN,2023,97.9
20183,KS,SMITH,2023,90.9
20189,KS,STEVENS,2023,150
20191,KS,SUMNER,2023,120.5
20193,KS,THOMAS,2023,108.7
20197,KS,WABAUNSEE,2023,97.8
20199,KS,WALLACE,2023,89
20203,KS,WICHITA,2023,75.7
20205,KS,WILSON,2023,101.3
21000,KY,OTHER COUNTIES,2023,182.4
21001,KY,ADAIR,2023,204
21007,KY,BALLARD,2023,173.9
21009,KY,BARREN,2023,193
21011,KY,BATH,2023,195.6
21017,KY,BOURBON,2023,190.8
21025,KY,BREATHITT,2023,182
21027,KY,BRECKINRIDGE,2023,174.9
21029,KY,BULLITT,2023,188.4
21031,KY,BUTLER,2023,189.7
21033,KY,CALDWELL,2023,193.7
21035,KY,CALLOWAY,2023,162.2
21039,KY,CARLISLE,2023,176.5
21043,KY,CARTER,2023,146.8
21045,KY,CASEY,2023,196.8
21047,KY,CHRISTIAN,2023,197.6
21049,KY,CLARK,2023,174.8
21053,KY,CLINTON,2023,194.9
21055,KY,CRITTENDEN,2023,170.3
21057,KY,CUMBERLAND,2023,189.5
21059,KY,DAVIESS,2023,186.3
21061,KY,EDMONSON,2023,186.8
21065,KY,ESTILL,2023,176.8
21067,KY,FAYETTE,2023,192.3
21069,KY,FLEMING,2023,166.1
21075,KY,FULTON,2023,181
21079,KY,GARRARD,2023,182.1
21083,KY,GRAVES,2023,190.6
21085,KY,GRAYSON,2023,168.2
21087,KY,GREEN,2023,200.1
21091,KY,HANCOCK,2023,212.5
21093,KY,HARDIN,2023,192.3
21097,KY,HARRISON,2023,195.8
21099,KY,HART,2023,197.5
21101,KY,HENDERSON,2023,173.6
21105,KY,HICKMAN,2023,197
21109,KY,JACKSON,2023,111
21117,KY,KENTON,2023,136.7
21121,KY,KNOX,2023,145.9
21123,KY,LARUE,2023,206.4
21125,KY,LAUREL,2023,148.6
21135,KY,LEWIS,2023,162.5
21137,KY,LINCOLN,2023,174.1
21139,KY,LIVINGSTON,2023,164.6
21145,KY,MCCRACKEN,2023,151.7
21149,KY,MCLEAN,2023,189.4
21151,KY,MADISON,2023,166.2
21155,KY,MARION,2023,201
21161,KY,MASON,2023,198.2
21163,KY,MEADE,2023,207.1
21167,KY,MERCER,2023,206.8
21169,KY,METCALFE,2023,181.9
21171,KY,MONROE,2023,178.1
21173,KY,MONTGOMERY,2023,149.2
21175,KY,MORGAN,2023,145.2
21177,KY,MUHLENBERG,2023,182.7
21183,KY,OHIO,2023,188.4
21185,KY,OLDHAM,2023,194.2
21187,KY,OWEN,2023,188.1
21205,KY,ROWAN,2023,155.2
21207,KY,RUSSELL,2023,180
21209,KY,SCOTT,2023,202.5
21211,KY,SHELBY,2023,196.2
21213,KY,SIMPSON,2023,181.7
21217,KY,TAYLOR,2023,211.9
21219,KY,TODD,2023,200.2
21221,KY,TRIGG,2023,178.9
21223,KY,TRIMBLE,2023,198.4
21225,KY,UNION,2023,191
21227,KY,WARREN,2023,208.9
21229,KY,WASHINGTON,2023,194.9
21231,KY,WAYNE,2023,216.9
21233,KY,WEBSTER,2023,181.7
21239,KY,WOODFORD,2023,213.2
22000,LA,OTHER COUNTIES,2023,148.7
22009,LA,AVOYELLES,2023,159.3
22017,LA,CADDO,2023,142.2
22025,LA,CATAHOULA,2023,187.7
22029,LA,CONCORDIA,2023,182.8
22035,LA,EAST CARROLL,2023,178
22041,LA,FRANKLIN,2023,179.8
22065,LA,MADISON,2023,175.1
22067,LA,MOREHOUSE,2023,185.3
22069,LA,NATCHITOCHES,2023,126.5
22073,LA,OUACHITA,2023,182.2
22079,LA,RAPIDES,2023,164.5
22081,LA,RED RIVER,2023,129.8
22083,LA,RICHLAND,2023,172.4
22097,LA,SAINT LANDRY,2023,158
22107,LA,TENSAS,2023,181.4
22117,LA,WASHINGTON,2023,130.9
22123,LA,WEST CARROLL,2023,188.8
24000,MD,OTHER COUNTIES,2023,158.9
24003,MD,ANNE ARUNDEL,2023,160.1
24005,MD,BALTIMORE,2023,161.7
24009,MD,CALVERT,2023,144.2
24011,MD,CAROLINE,2023,178.3
24013,MD,CARROLL,2023,127
24015,MD,CECIL,2023,179.6
24017,MD,CHARLES,2023,152.2
24019,MD,DORCHESTER,2023,190.5
24021,MD,FREDERICK,2023,119.7
24023,MD,GARRETT,2023,117.9
24027,MD,HOWARD,2023,188.7
24029,MD,KENT,2023,185.1
24031,MD,MONTGOMERY,2023,156
24033,MD,PRINCE GEORGES,2023,140.6
24035,MD,QUEEN ANNES,2023,180.8
24039,MD,SOMERSET,2023,189.1
24041,MD,TALBOT,2023,170.2
24043,MD,WASHINGTON,2023,129.2
24045,MD,WICOMICO,2023,155.8
24047,MD,WORCESTER,2023,159.7
26000,MI,OTHER COUNTIES,2023,166.3
26005,MI,ALLEGAN,2023,176.1
26007,MI,ALPENA,2023,160.4
26009,MI,ANTRIM,2023,141.1
26011,MI,ARENAC,2023,158.5
26015,MI,BARRY,2023,158.6
26017,MI,BAY,2023,177.5
26019,MI,BENZIE,2023,121.4
26023,MI,BRANCH,2023,168.9
26025,MI,CALHOUN,2023,148.3
26027,MI,CASS,2023,156.3
26029,MI,CHARLEVOIX,2023,119.2
26043,MI,DICKINSON,2023,146.3
26045,MI,EATON,2023,164.7
26047,MI,EMMET,2023,123.1
26049,MI,GENESEE,2023,157.3
26051,MI,GLADWIN,2023,152.6
26055,MI,GRAND TRAVERSE,2023,126.9
26057,MI,GRATIOT,2023,168.6
26059,MI,HILLSDALE,2023,160.7
26063,MI,HURON,2023,193.3
26065,MI,INGHAM,2023,180.2
26067,MI,IONIA,2023,175
26073,MI,ISABELLA,2023,151.7
26075,MI,JACKSON,2023,164.8
26077,MI,KALAMAZOO,2023,145
26081,MI,KENT,2023,178.4
26087,MI,LAPEER,2023,170.1
26089,MI,LEELANAU,2023,98.8
26091,MI,LENAWEE,2023,191.5
26093,MI,LIVINGSTON,2023,160.9
26099,MI,MACOMB,2023,174.6
26101,MI,MANISTEE,2023,131.9
26105,MI,MASON,2023,153
26107,MI,MECOSTA,2023,131.2
26109,MI,MENOMINEE,2023,133.6
26111,MI,MIDLAND,2023,177.9
26113,MI,MISSAUKEE,2023,160.9
26115,MI,MONROE,2023,192.5
26117,MI,MONTCALM,2023,153.7
26119,MI,MONTMORENCY,2023,149.4
26121,MI,MUSKEGON,2023,138.6
26123,MI,NEWAYGO,2023,157.3
26125,MI,OAKLAND,2023,160.2
26127,MI,OCEANA,2023,151.5
26129,MI,OGEMAW,2023,161
26137,MI,OTSEGO,2023,154.4
26139,MI,OTTAWA,2023,180.5
26141,MI,PRESQUE ISLE,2023,118
26145,MI,SAGINAW,2023,178.5
26147,MI,ST CLAIR,2023,167.3
26149,MI,ST JOSEPH,2023,123
26151,MI,SANILAC,2023,184.6
26155,MI,SHIAWASSEE,2023,164.8
26157,MI,TUSCOLA,2023,181.7
26159,MI,VAN BUREN,2023,184.8
26161,MI,WASHTENAW,2023,186.8
26163,MI,WAYNE,2023,159.1
27000,MN,OTHER COUNTIES,2023,192.9
27001,MN,AITKIN,2023,129.9
27005,MN,BECKER,2023,167.7
27009,MN,BENTON,2023,164.6
27011,MN,BIG STONE,2023,180.6
27013,MN,BLUE EARTH,2023,199.2
27015,MN,BROWN,2023,193.2
27017,MN,CARLTON,2023,144.2
27019,MN,CARVER,2023,192.2
27021,MN,CASS,2023,144.8
27023,MN,CHIPPEWA,2023,194.9
27025,MN,CHISAGO,2023,155.4
27027,MN,CLAY,2023,161
27033,MN,COTTONWOOD,2023,202.6
27035,MN,CROW WING,2023,128.3
27037,MN,DAKOTA,2023,183.1
27039,MN,DODGE,2023,189.6
27045,MN,FILLMORE,2023,183
27047,MN,FREEBORN,2023,182.7
27049,MN,GOODHUE,2023,195.9
27051,MN,GRANT,2023,187.4
27055,MN,HOUSTON,2023,177
27059,MN,ISANTI,2023,154.8
27063,MN,JACKSON,2023,204.7
27067,MN,KANDIYOHI,2023,203.7
27073,MN,LAC QUI PARLE,2023,183.9
27079,MN,LE SUEUR,2023,193.3
27081,MN,LINCOLN,2023,181.5
27085,MN,MCLEOD,2023,177.4
27087,MN,MAHNOMEN,2023,183
27089,MN,MARSHALL,2023,163.8
27093,MN,MEEKER,2023,192.9
27095,MN,MILLE LACS,2023,137.4
27097,MN,MORRISON,2023,145
27099,MN,MOWER,2023,170.1
27103,MN,NICOLLET,2023,196.1
27105,MN,NOBLES,2023,198.7
27107,MN,NORMAN,2023,166.1
27109,MN,OLMSTED,2023,174.8
27111,MN,OTTER TAIL,2023,157.9
27115,MN,PINE,2023,151.9
27117,MN,PIPESTONE,2023,161.8
27119,MN,POLK,2023,146.9
27121,MN,POPE,2023,179.5
27125,MN,RED LAKE,2023,170.8
27127,MN,REDWOOD,2023,176
27129,MN,RENVILLE,2023,208.3
27131,MN,RICE,2023,194.6
27139,MN,SCOTT,2023,191.9
27141,MN,SHERBURNE,2023,173.2
27143,MN,SIBLEY,2023,182.7
27145,MN,STEARNS,2023,187.3
27147,MN,STEELE,2023,189.9
27149,MN,STEVENS,2023,195.3
27151,MN,SWIFT,2023,197
27153,MN,TODD,2023,148.3
27155,MN,TRAVERSE,2023,187.5
27159,MN,WADENA,2023,152.4
27161,MN,WASECA,2023,201.6
27163,MN,WASHINGTON,2023,194.6
27165,MN,WATONWAN,2023,209.3
27167,MN,WILKIN,2023,142.5
27169,MN,WINONA,2023,197.8
27171,MN,WRIGHT,2023,180.6
27173,MN,YELLOW MEDICINE,2023,179.1
28000,MS,OTHER COUNTIES,2023,158.6
28011,MS,BOLIVAR,2023,180.1
28013,MS,CALHOUN,2023,151.8
28015,MS,CARROLL,2023,184.2
28017,MS,CHICKASAW,2023,152.1
28021,MS,CLAIBORNE,2023,153.7
28025,MS,CLAY,2023,164.1
28027,MS,COAHOMA,2023,186.8
28049,MS,HINDS,2023,136.7
28051,MS,HOLMES,2023,184
28053,MS,HUMPHREYS,2023,186.4
28055,MS,ISSAQUENA,2023,193.7
28071,MS,LAFAYETTE,2023,157.5
28081,MS,LEE,2023,146.2
28083,MS,LEFLORE,2023,195.1
28087,MS,LOWNDES,2023,172.9
28089,MS,MADISON,2023,182.5
28095,MS,MONROE,2023,158
28097,MS,MONTGOMERY,2023,167.5
28103,MS,NOXUBEE,2023,164.4
28117,MS,PRENTISS,2023,118.5
28121,MS,RANKIN,2023,158.1
28125,MS,SHARKEY,2023,190.1
28131,MS,STONE,2023,166.8
28133,MS,SUNFLOWER,2023,198.8
28135,MS,TALLAHATCHIE,2023,185
28139,MS,TIPPAH,2023,145.9
28143,MS,TUNICA,2023,176.4
28147,MS,WALTHALL,2023,144.8
28149,MS,WARREN,2023,185.2
28151,MS,WASHINGTON,2023,201.2
28155,MS,WEBSTER,2023,171.1
28163,MS,YAZOO,2023,182.2
29000,MO,OTHER COUNTIES,2023,163.7
29003,MO,ANDREW,2023,175.7
29007,MO,AUDRAIN,2023,115.3
29011,MO,BARTON,2023,149
29013,MO,BATES,2023,143.6
29017,MO,BOLLINGER,2023,119.2
29019,MO,BOONE,2023,122.8
29021,MO,BUCHANAN,2023,175.2
29025,MO,CALDWELL,2023,148.7
29027,MO,CALLAWAY,2023,141.4
29031,MO,CAPE GIRARDEAU,2023,140
29033,MO,CARROLL,2023,154.8
29045,MO,CLARK,2023,166.6
29047,MO,CLAY,2023,190.6
29049,MO,CLINTON,2023,189.1
29051,MO,COLE,2023,130.8
29053,MO,COOPER,2023,105
29057,MO,DADE,2023,95.2
29059,MO,DALLAS,2023,124.1
29061,MO,DAVIESS,2023,146
29063,MO,DE KALB,2023,190.4
29069,MO,DUNKLIN,2023,164
29071,MO,FRANKLIN,2023,131.5
29073,MO,GASCONADE,2023,113.5
29075,MO,GENTRY,2023,160
29079,MO,GRUNDY,2023,156.1
29083,MO,HENRY,2023,123.6
29085,MO,HICKORY,2023,101.2
29087,MO,HOLT,2023,219
29089,MO,HOWARD,2023,149.1
29095,MO,JACKSON,2023,186.7
29097,MO,JASPER,2023,141.5
29099,MO,JEFFERSON,2023,118.1
29101,MO,JOHNSON,2023,129.3
29103,MO,KNOX,2023,130.9
29105,MO,LACLEDE,2023,144
29107,MO,LAFAYETTE,2023,176.7
29109,MO,LAWRENCE,2023,88.4
29111,MO,LEWIS,2023,147.7
29113,MO,LINCOLN,2023,159.2
29115,MO,LINN,2023,157.2
29117,MO,LIVINGSTON,2023,142.7
29121,MO,MACON,2023,136.8
29125,MO,MARIES,2023,75.9
29127,MO,MARION,2023,124.9
29131,MO,MILLER,2023,112.1
29133,MO,MISSISSIPPI,2023,177.3
29135,MO,MONITEAU,2023,113.9
29137,MO,MONROE,2023,82
29139,MO,MONTGOMERY,2023,139.6
29143,MO,NEW MADRID,2023,186.4
29151,MO,OSAGE,2023,113.3
29155,MO,PEMISCOT,2023,188.8
29157,MO,PERRY,2023,133.1
29159,MO,PETTIS,2023,121.3
29165,MO,PLATTE,2023,166.7
29167,MO,POLK,2023,142.3
29171,MO,PUTNAM,2023,144
29173,MO,RALLS,2023,97.2
29175,MO,RANDOLPH,2023,105.2
29177,MO,RAY,2023,173
29183,MO,ST CHARLES,2023,165.9
29185,MO,ST CLAIR,2023,79.8
29186,MO,STE GENEVIEVE,2023,148.7
29187,MO,ST FRANCOIS,2023,139.3
29195,MO,SALINE,2023,175.7
29199,MO,SCOTLAND,2023,167.6
29201,MO,SCOTT,2023,178.8
29205,MO,SHELBY,2023,105.4
29207,MO,STODDARD,2023,173.4
29211,MO,SULLIVAN,2023,147.2
29217,MO,VERNON,2023,104.7
29219,MO,WARREN,2023,143.5
29223,MO,WAYNE,2023,89.9
29227,MO,WORTH,2023,170.4
31000,NE,OTHER COUNTIES,2023,171.2
31001,NE,ADAMS,2023,204.5
31013,NE,BOX BUTTE,2023,160.3
31015,NE,BOYD,2023,171.5
31017,NE,BROWN,2023,211.9
31019,NE,BUFFALO,2023,196.4
31021,NE,BURT,2023,174.3
31023,NE,BUTLER,2023,187
31025,NE,CASS,2023,195.7
31027,NE,CEDAR,2023,196.9
31029,NE,CHASE,2023,164.8
31033,NE,CHEYENNE,2023,99.4
31035,NE,CLAY,2023,193.7
31037,NE,COLFAX,2023,173.8
31039,NE,CUMING,2023,164.8
31041,NE,CUSTER,2023,193.2
31043,NE,DAKOTA,2023,196.7
31047,NE,DAWSON,2023,234.5
31049,NE,DEUEL,2023,118.5
31051,NE,DIXON,2023,178.8
31053,NE,DODGE,2023,198.2
31055,NE,DOUGLAS,2023,165.6
31057,NE,DUNDY,2023,155.3
31059,NE,FILLMORE,2023,186.6
31061,NE,FRANKLIN,2023,196.8
31065,NE,FURNAS,2023,116.8
31067,NE,GAGE,2023,164.6
31069,NE,GARDEN,2023,141.2
31071,NE,GARFIELD,2023,192.9
31073,NE,GOSPER,2023,206.6
31077,NE,GREELEY,2023,193.4
31079,NE,HALL,2023,214.9
31081,NE,HAMILTON,2023,218.9
31083,NE,HARLAN,2023,191.7
31085,NE,HAYES,2023,132.5
31087,NE,HITCHCOCK,2023,109.6
31089,NE,HOLT,2023,223.7
31093,NE,HOWARD,2023,216.6
31095,NE,JEFFERSON,2023,140.8
31097,NE,JOHNSON,2023,173.6
31099,NE,KEARNEY,2023,202.8
31103,NE,KEYA PAHA,2023,215
31107,NE,KNOX,2023,167
31109,NE,LANCASTER,2023,139.6
31111,NE,LINCOLN,2023,189.7
31113,NE,LOGAN,2023,202.6
31115,NE,LOUP,2023,178.5
31119,NE,MADISON,2023,175
31121,NE,MERRICK,2023,198.9
31123,NE,MORRILL,2023,173.1
31127,NE,NEMAHA,2023,189.9
31133,NE,PAWNEE,2023,173.8
31137,NE,PHELPS,2023,227.2
31141,NE,PLATTE,2023,207.4
31143,NE,POLK,2023,190.3
31147,NE,RICHARDSON,2023,194.8
31149,NE,ROCK,2023,232.3
31151,NE,SALINE,2023,157.6
31153,NE,SARPY,2023,182.4
31155,NE,SAUNDERS,2023,191.3
31157,NE,SCOTTS BLUFF,2023,186.5
31163,NE,SHERMAN,2023,198.2
31165,NE,SIOUX,2023,161.5
31167,NE,STANTON,2023,163.2
31169,NE,THAYER,2023,166.6
31175,NE,VALLEY,2023,210.1
31177,NE,WASHINGTON,2023,155.3
31179,NE,WAYNE,2023,160.3
31181,NE,WEBSTER,2023,147.3
31183,NE,WHEELER,2023,225.8
36000,NY,OTHER COUNTIES,2023,152.2
36003,NY,ALLEGANY,2023,139.9
36007,NY,BROOME,2023,165.3
36009,NY,CATTARAUGUS,2023,140
36011,NY,CAYUGA,2023,155.9
36013,NY,CHAUTAUQUA,2023,173.1
36017,NY,CHENANGO,2023,127.9
36021,NY,COLUMBIA,2023,145
36023,NY,CORTLAND,2023,166.9
36029,NY,ERIE,2023,161
36033,NY,FRANKLIN,2023,138.9
36037,NY,GENESEE,2023,172
36043,NY,HERKIMER,2023,152.5
36045,NY,JEFFERSON,2023,159.8
36049,NY,LEWIS,2023,132.6
36051,NY,LIVINGSTON,2023,170.6
36053,NY,MADISON,2023,149.3
36055,NY,MONROE,2023,174.1
36057,NY,MONTGOMERY,2023,149.2
36063,NY,NIAGARA,2023,167.9
36065,NY,ONEIDA,2023,157.3
36067,NY,ONONDAGA,2023,149.5
36069,NY,ONTARIO,2023,152.6
36073,NY,ORLEANS,2023,185.5
36075,NY,OSWEGO,2023,137.3
36077,NY,OTSEGO,2023,159.9
36083,NY,RENSSELAER,2023,153.9
36089,NY,ST LAWRENCE,2023,159
36099,NY,SENECA,2023,173.9
36101,NY,STEUBEN,2023,150.9
36103,NY,SUFFOLK,2023,140.6
36109,NY,TOMPKINS,2023,149.6
36111,NY,ULSTER,2023,133.2
36115,NY,WASHINGTON,2023,134.1
36117,NY,WAYNE,2023,161.3
36121,NY,WYOMING,2023,142.4
36123,NY,YATES,2023,166.2
37000,NC,OTHER COUNTIES,2023,147.7
37001,NC,ALAMANCE,2023,143.3
37003,NC,ALEXANDER,2023,134.7
37007,NC,ANSON,2023,111.6
37013,NC,BEAUFORT,2023,155.6
37015,NC,BERTIE,2023,143.6
37017,NC,BLADEN,2023,145.6
37019,NC,BRUNSWICK,2023,144.1
37021,NC,BUNCOMBE,2023,147.7
37023,NC,BURKE,2023,142.4
37027,NC,CALDWELL,2023,175.6
37029,NC,CAMDEN,2023,175.1
37033,NC,CASWELL,2023,124
37035,NC,CATAWBA,2023,156.5
37037,NC,CHATHAM,2023,117.4
37041,NC,CHOWAN,2023,151.8
37045,NC,CLEVELAND,2023,141.8
37047,NC,COLUMBUS,2023,128.2
37049,NC,CRAVEN,2023,138
37053,NC,CURRITUCK,2023,160.3
37057,NC,DAVIDSON,2023,128.5
37059,NC,DAVIE,2023,129
37061,NC,DUPLIN,2023,138.8
37063,NC,DURHAM,2023,122.9
37065,NC,EDGECOMBE,2023,123.5
37067,NC,FORSYTH,2023,115.6
37069,NC,FRANKLIN,2023,103.1
37073,NC,GATES,2023,130.1
37077,NC,GRANVILLE,2023,126.5
37079,NC,GREENE,2023,152.4
37081,NC,GUILFORD,2023,141.7
37083,NC,HALIFAX,2023,128.5
37085,NC,HARNETT,2023,157.4
37089,NC,HENDERSON,2023,180.9
37091,NC,HERTFORD,2023,129.9
37097,NC,IREDELL,2023,156.4
37101,NC,JOHNSTON,2023,138
37103,NC,JONES,2023,159.9
37105,NC,LEE,2023,87.9
37107,NC,LENOIR,2023,152.4
37117,NC,MARTIN,2023,127.6
37125,NC,MOORE,2023,99.6
37127,NC,NASH,2023,119
37131,NC,NORTHAMPTON,2023,123.3
37133,NC,ONSLOW,2023,129.7
37135,NC,ORANGE,2023,141.8
37137,NC,PAMLICO,2023,145.9
37139,NC,PASQUOTANK,2023,178
37141,NC,PENDER,2023,166.5
37143,NC,PERQUIMANS,2023,169.5
37145,NC,PERSON,2023,107.8
37147,NC,PITT,2023,124.4
37151,NC,RANDOLPH,2023,115
37155,NC,ROBESON,2023,157.5
37157,NC,ROCKINGHAM,2023,137.2
37159,NC,ROWAN,2023,136
37161,NC,RUTHERFORD,2023,97
37163,NC,SAMPSON,2023,158.9
37165,NC,SCOTLAND,2023,119.1
37167,NC,STANLY,2023,120.4
37169,NC,STOKES,2023,133.2
37171,NC,SURRY,2023,174.3
37175,NC,TRANSYLVANIA,2023,166
37177,NC,TYRRELL,2023,177.8
37179,NC,UNION,2023,136.6
37183,NC,WAKE,2023,109
37185,NC,WARREN,2023,108.3
37187,NC,WASHINGTON,2023,172.7
37191,NC,WAYNE,2023,134.9
37193,NC,WILKES,2023,180.3
37195,NC,WILSON,2023,127.7
37197,NC,YADKIN,2023,155
38000,ND,OTHER COUNTIES,2023,114.3
38001,ND,ADAMS,2023,96.9
38003,ND,BARNES,2023,143.1
38005,ND,BENSON,2023,101.5
38007,ND,BILLINGS,2023,104.9
38009,ND,BOTTINEAU,2023,113.3
38011,ND,BOWMAN,2023,112
38015,ND,BURLEIGH,2023,138.7
38017,ND,CASS,2023,161.3
38019,ND,CAVALIER,2023,92.4
38021,ND,DICKEY,2023,167.5
38025,ND,DUNN,2023,109.5
38027,ND,EDDY,2023,146.5
38029,ND,EMMONS,2023,144.8
38031,ND,FOSTER,2023,154.6
38033,ND,GOLDEN VALLEY,2023,104.6
38035,ND,GRAND FORKS,2023,134.3
38037,ND,GRANT,2023,125.9
38039,ND,GRIGGS,2023,147.5
38041,ND,HETTINGER,2023,116.9
38043,ND,KIDDER,2023,127
38045,ND,LA MOURE,2023,161.9
38047,ND,LOGAN,2023,139.3
38049,ND,MCHENRY,2023,107.9
38051,ND,MCINTOSH,2023,140.6
38055,ND,MCLEAN,2023,118.4
38059,ND,MORTON,2023,134.5
38061,ND,MOUNTRAIL,2023,64.5
38063,ND,NELSON,2023,120.1
38065,ND,OLIVER,2023,130
38067,ND,PEMBINA,2023,122.1
38069,ND,PIERCE,2023,106
38071,ND,RAMSEY,2023,104.7
38073,ND,RANSOM,2023,176.2
38075,ND,RENVILLE,2023,98.4
38077,ND,RICHLAND,2023,165.1
38079,ND,ROLETTE,2023,58.2
38081,ND,SARGENT,2023,160.3
38083,ND,SHERIDAN,2023,122.3
38085,ND,SIOUX,2023,121.9
38087,ND,SLOPE,2023,106.2
38089,ND,STARK,2023,112.5
38091,ND,STEELE,2023,151.2
38093,ND,STUTSMAN,2023,153.9
38097,ND,TRAILL,2023,153.1
38099,ND,WALSH,2023,124.9
38101,ND,WARD,2023,121.5
38103,ND,WELLS,2023,155.7
38105,ND,WILLIAMS,2023,85.2
39000,OH,OTHER COUNTIES,2023,196
39003,OH,ALLEN,2023,190.3
39007,OH,ASHTABULA,2023,179.7
39009,OH,ATHENS,2023,195.9
39011,OH,AUGLAIZE,2023,194.4
39013,OH,BELMONT,2023,165
39015,OH,BROWN,2023,210.7
39017,OH,BUTLER,2023,194.4
39019,OH,CARROLL,2023,153.7
39021,OH,CHAMPAIGN,2023,203.3
39023,OH,CLARK,2023,194.7
39027,OH,CLINTON,2023,222.1
39029,OH,COLUMBIANA,2023,181.1
39031,OH,COSHOCTON,2023,182.7
39033,OH,CRAWFORD,2023,205.1
39037,OH,DARKE,2023,210.4
39039,OH,DEFIANCE,2023,172.1
39041,OH,DELAWARE,2023,193.7
39043,OH,ERIE,2023,190.4
39045,OH,FAIRFIELD,2023,193.6
39047,OH,FAYETTE,2023,209.8
39051,OH,FULTON,2023,200.5
39053,OH,GALLIA,2023,180.1
39055,OH,GEAUGA,2023,179.5
39057,OH,GREENE,2023,214.4
39059,OH,GUERNSEY,2023,170.5
39065,OH,HARDIN,2023,188.8
39067,OH,HARRISON,2023,176.6
39069,OH,HENRY,2023,199.4
39071,OH,HIGHLAND,2023,205.3
39075,OH,HOLMES,2023,175.5
39077,OH,HURON,2023,199.4
39079,OH,JACKSON,2023,144.5
39081,OH,JEFFERSON,2023,161.9
39083,OH,KNOX,2023,183.5
39089,OH,LICKING,2023,185.4
39091,OH,LOGAN,2023,183.2
39093,OH,LORAIN,2023,192.7
39095,OH,LUCAS,2023,200.4
39097,OH,MADISON,2023,203.1
39099,OH,MAHONING,2023,189.6
39103,OH,MEDINA,2023,187.9
39105,OH,MEIGS,2023,170.1
39107,OH,MERCER,2023,204.7
39109,OH,MIAMI,2023,200.7
39111,OH,MONROE,2023,148.5
39113,OH,MONTGOMERY,2023,198.6
39115,OH,MORGAN,2023,173.8
39119,OH,MUSKINGUM,2023,181.8
39121,OH,NOBLE,2023,162
39123,OH,OTTAWA,2023,193.6
39125,OH,PAULDING,2023,184
39127,OH,PERRY,2023,191.9
39129,OH,PICKAWAY,2023,201.5
39131,OH,PIKE,2023,178.9
39133,OH,PORTAGE,2023,180.9
39135,OH,PREBLE,2023,210.9
39137,OH,PUTNAM,2023,199.9
39139,OH,RICHLAND,2023,179.4
39141,OH,ROSS,2023,205.9
39145,OH,SCIOTO,2023,190.3
39147,OH,SENECA,2023,199.1
39149,OH,SHELBY,2023,202.2
39151,OH,STARK,2023,194.9
39155,OH,TRUMBULL,2023,207
39157,OH,TUSCARAWAS,2023,183.3
39159,OH,UNION,2023,205
39161,OH,VAN WERT,2023,196
39165,OH,WARREN,2023,209.4
39167,OH,WASHINGTON,2023,173.9
39169,OH,WAYNE,2023,193.6
39173,OH,WOOD,2023,218.6
39175,OH,WYANDOT,2023,199.3
40000,OK,OTHER COUNTIES,2023,131.9
40003,OK,ALFALFA,2023,98.1
40023,OK,CHOCTAW,2023,174
40035,OK,CRAIG,2023,118.2
40041,OK,DELAWARE,2023,150.9
40047,OK,GARFIELD,2023,82.2
40049,OK,GARVIN,2023,110
40051,OK,GRADY,2023,153.8
40071,OK,KAY,2023,111.3
40093,OK,MAJOR,2023,202.7
40097,OK,MAYES,2023,90.7
40101,OK,MUSKOGEE,2023,170.9
40103,OK,NOBLE,2023,90.8
40109,OK,OKLAHOMA,2023,147.9
40115,OK,OTTAWA,2023,106
40119,OK,PAYNE,2023,73.4
40125,OK,POTTAWATOMIE,2023,162.9
40139,OK,TEXAS,2023,224.4
40141,OK,TILLMAN,2023,47.6
40145,OK,WAGONER,2023,109.6
42000,PA,OTHER COUNTIES,2023,148.5
42001,PA,ADAMS,2023,148.2
42005,PA,ARMSTRONG,2023,158.2
42007,PA,BEAVER,2023,162
42009,PA,BEDFORD,2023,156.9
42011,PA,BERKS,2023,167.9
42013,PA,BLAIR,2023,193
42017,PA,BUCKS,2023,159.7
42019,PA,BUTLER,2023,159.5
42021,PA,CAMBRIA,2023,152.1
42027,PA,CENTRE,2023,165.3
42029,PA,CHESTER,2023,175.4
42031,PA,CLARION,2023,164.3
42033,PA,CLEARFIELD,2023,152.1
42035,PA,CLINTON,2023,171.2
42037,PA,COLUMBIA,2023,142.4
42039,PA,CRAWFORD,2023,158.9
42041,PA,CUMBERLAND,2023,158.2
42043,PA,DAUPHIN,2023,152.4
42047,PA,ELK,2023,150.5
42049,PA,ERIE,2023,135.6
42051,PA,FAYETTE,2023,140.5
42055,PA,FRANKLIN,2023,153.8
42057,PA,FULTON,2023,132.2
42059,PA,GREENE,2023,135.8
42061,PA,HUNTINGDON,2023,158.7
42063,PA,INDIANA,2023,151
42065,PA,JEFFERSON,2023,153.2
42067,PA,JUNIATA,2023,165.2
42071,PA,LANCASTER,2023,182.2
42073,PA,LAWRENCE,2023,166.3
42075,PA,LEBANON,2023,175
42077,PA,LEHIGH,2023,160.9
42079,PA,LUZERNE,2023,144
42081,PA,LYCOMING,2023,140.1
42085,PA,MERCER,2023,157.5
42087,PA,MIFFLIN,2023,155.2
42091,PA,MONTGOMERY,2023,161.9
42093,PA,MONTOUR,2023,150.5
42095,PA,NORTHAMPTON,2023,154.2
42097,PA,NORTHUMBERLAND,2023,164.8
42099,PA,PERRY,2023,157
42107,PA,SCHUYLKILL,2023,122.6
42109,PA,SNYDER,2023,156.8
42111,PA,SOMERSET,2023,144.3
42113,PA,SULLIVAN,2023,138.9
42117,PA,TIOGA,2023,154.2
42119,PA,UNION,2023,178.2
42121,PA,VENANGO,2023,142
42123,PA,WARREN,2023,138.5
42125,PA,WASHINGTON,2023,134.2
42129,PA,WESTMORELAND,2023,143.6
42131,PA,WYOMING,2023,133.2
42133,PA,YORK,2023,154.4
45000,SC,OTHER COUNTIES,2023,130.6
45009,SC,BAMBERG,2023,166.3
45015,SC,BERKELEY,2023,123.2
45017,SC,CALHOUN,2023,173.6
45023,SC,CHESTER,2023,87.1
45025,SC,CHESTERFIELD,2023,106.3
45027,SC,CLARENDON,2023,173.4
45031,SC,DARLINGTON,2023,147
45033,SC,DILLON,2023,162.1
45035,SC,DORCHESTER,2023,158.7
45037,SC,EDGEFIELD,2023,77
45041,SC,FLORENCE,2023,131.5
45043,SC,GEORGETOWN,2023,151.3
45045,SC,GREENVILLE,2023,103.8
45049,SC,HAMPTON,2023,155.3
45051,SC,HORRY,2023,147.3
45057,SC,LANCASTER,2023,97.7
45061,SC,LEE,2023,156.5
45067,SC,MARION,2023,160.8
45069,SC,MARLBORO,2023,169.9
45071,SC,NEWBERRY,2023,112.2
45073,SC,OCONEE,2023,108.8
45075,SC,ORANGEBURG,2023,155
45085,SC,SUMTER,2023,159.8
45089,SC,WILLIAMSBURG,2023,123.5
46000,SD,OTHER COUNTIES,2023,143.9
46003,SD,AURORA,2023,124.6
46009,SD,BON HOMME,2023,157.9
46011,SD,BROOKINGS,2023,164.7
46013,SD,BROWN,2023,175.6
46015,SD,BRULE,2023,130.4
46019,SD,BUTTE,2023,140.5
46021,SD,CAMPBELL,2023,161.4
46023,SD,CHARLES MIX,2023,133.6
46025,SD,CLARK,2023,164.7
46027,SD,CLAY,2023,175.6
46031,SD,CORSON,2023,125.3
46033,SD,CUSTER,2023,63
46035,SD,DAVISON,2023,158.6
46043,SD,DOUGLAS,2023,150.2
46045,SD,EDMUNDS,2023,149.4
46047,SD,FALL RIVER,2023,141.3
46051,SD,GRANT,2023,143.1
46055,SD,HAAKON,2023,82.9
46057,SD,HAMLIN,2023,175.8
46059,SD,HAND,2023,151.7
46061,SD,HANSON,2023,168
46065,SD,HUGHES,2023,135.8
46067,SD,HUTCHINSON,2023,151.5
46073,SD,JERAULD,2023,141.2
46083,SD,LINCOLN,2023,152.5
46085,SD,LYMAN,2023,131.1
46087,SD,MCCOOK,2023,148.6
46089,SD,MCPHERSON,2023,158.7
46091,SD,MARSHALL,2023,161.3
46093,SD,MEADE,2023,78.1
46097,SD,MINER,2023,138.7
46101,SD,MOODY,2023,174.6
46105,SD,PERKINS,2023,88.8
46109,SD,ROBERTS,2023,150.1
46115,SD,SPINK,2023,171.3
46119,SD,SULLY,2023,134
46125,SD,TURNER,2023,158
46127,SD,UNION,2023,177.9
46135,SD,YANKTON,2023,176.4
47000,TN,OTHER COUNTIES,2023,170.7
47003,TN,BEDFORD,2023,178.1
47005,TN,BENTON,2023,158.6
47007,TN,BLEDSOE,2023,171.5
47009,TN,BLOUNT,2023,151.6
47013,TN,CAMPBELL,2023,165.2
47015,TN,CANNON,2023,173.6
47017,TN,CARROLL,2023,166.2
47023,TN,CHESTER,2023,162.5
47031,TN,COFFEE,2023,188.4
47033,TN,CROCKETT,2023,165.9
47035,TN,CUMBERLAND,2023,177.7
47045,TN,DYER,2023,161
47049,TN,FENTRESS,2023,159.1
47051,TN,FRANKLIN,2023,194.2
47053,TN,GIBSON,2023,162.3
47055,TN,GILES,2023,192.5
47059,TN,GREENE,2023,169.7
47069,TN,HARDEMAN,2023,169.7
47071,TN,HARDIN,2023,160.6
47073,TN,HAWKINS,2023,178.2
47077,TN,HENDERSON,2023,160
47079,TN,HENRY,2023,179.8
47081,TN,HICKMAN,2023,177
47085,TN,HUMPHREYS,2023,149.7
47095,TN,LAKE,2023,169.2
47097,TN,LAUDERDALE,2023,166.7
47099,TN,LAWRENCE,2023,191.6
47103,TN,LINCOLN,2023,183.3
47107,TN,MCMINN,2023,158.1
47111,TN,MACON,2023,158.2
47113,TN,MADISON,2023,177.8
47117,TN,MARSHALL,2023,177.1
47119,TN,MAURY,2023,195.5
47121,TN,MEIGS,2023,182.4
47125,TN,MONTGOMERY,2023,193
47129,TN,MORGAN,2023,184
47131,TN,OBION,2023,175.4
47147,TN,ROBERTSON,2023,184.2
47149,TN,RUTHERFORD,2023,179.3
47153,TN,SEQUATCHIE,2023,163.4
47161,TN,STEWART,2023,182.9
47163,TN,SULLIVAN,2023,160.8
47165,TN,SUMNER,2023,196.5
47167,TN,TIPTON,2023,168.2
47177,TN,WARREN,2023,200.8
47179,TN,WASHINGTON,2023,167.8
47181,TN,WAYNE,2023,146.8
47183,TN,WEAKLEY,2023,158.4
47185,TN,WHITE,2023,193.9
47189,TN,WILSON,2023,162.3
48000,TX,OTHER COUNTIES,2023,130.9
48013,TX,ATASCOSA,2023,130.6
48025,TX,BEE,2023,93.9
48027,TX,BELL,2023,102.3
48029,TX,BEXAR,2023,93.3
48041,TX,BRAZOS,2023,147.7
48057,TX,CALHOUN,2023,131.3
48097,TX,COOKE,2023,83.8
48111,TX,DALLAM,2023,127.4
48117,TX,DEAF SMITH,2023,173.2
48119,TX,DELTA,2023,115.5
48123,TX,DE WITT,2023,111.1
48139,TX,ELLIS,2023,92.4
48145,TX,FALLS,2023,115.9
48149,TX,FAYETTE,2023,93.6
48157,TX,FORT BEND,2023,114.5
48177,TX,GONZALES,2023,123.9
48181,TX,GRAYSON,2023,102.3
48187,TX,GUADALUPE,2023,86
48189,TX,HALE,2023,119
48215,TX,HIDALGO,2023,96.6
48217,TX,HILL,2023,120.7
48239,TX,JACKSON,2023,114.1
48251,TX,JOHNSON,2023,96.2
48255,TX,KARNES,2023,80.2
48285,TX,LAVACA,2023,101.7
48309,TX,MCLENNAN,2023,107.8
48321,TX,MATAGORDA,2023,128.8
48325,TX,MEDINA,2023,126.1
48331,TX,MILAM,2023,95.2
48349,TX,NAVARRO,2023,111.6
48355,TX,NUECES,2023,89.4
48357,TX,OCHILTREE,2023,178
48369,TX,PARMER,2023,168.6
48409,TX,SAN PATRICIO,2023,104.1
48421,TX,SHERMAN,2023,194.5
48451,TX,TOM GREEN,2023,113.9
48453,TX,TRAVIS,2023,93.2
48463,TX,UVALDE,2023,114.6
48469,TX,VICTORIA,2023,117.4
48481,TX,WHARTON,2023,131.4
48489,TX,WILLACY,2023,78.4
48491,TX,WILLIAMSON,2023,101.6
51000,VA,OTHER COUNTIES,2023,158.2
51011,VA,APPOMATTOX,2023,142.5
51015,VA,AUGUSTA,2023,145
51023,VA,BOTETOURT,2023,166.2
51031,VA,CAMPBELL,2023,145.9
51033,VA,CAROLINE,2023,178.8
51036,VA,CHARLES CITY,2023,162.4
51037,VA,CHARLOTTE,2023,137.3
51045,VA,CRAIG,2023,131.9
51047,VA,CULPEPER,2023,148.1
51053,VA,DINWIDDIE,2023,166.4
51057,VA,ESSEX,2023,170.8
51061,VA,FAUQUIER,2023,166.3
51067,VA,FRANKLIN,2023,165.8
51069,VA,FREDERICK,2023,104.4
51073,VA,GLOUCESTER,2023,130.4
51083,VA,HALIFAX,2023,134.8
51093,VA,ISLE OF WIGHT,2023,139.3
51097,VA,KING AND QUEEN,2023,164
51103,VA,LANCASTER,2023,162.5
51111,VA,LUNENBURG,2023,150
51113,VA,MADISON,2023,146.6
51117,VA,MECKLENBURG,2023,124.2
51119,VA,MIDDLESEX,2023,185.2
51127,VA,NEW KENT,2023,168.7
51131,VA,NORTHAMPTON,2023,179.2
51133,VA,NORTHUMBERLAND,2023,171.2
51135,VA,NOTTOWAY,2023,171
51137,VA,ORANGE,2023,184
51139,VA,PAGE,2023,69.9
51149,VA,PRINCE GEORGE,2023,177.6
51159,VA,RICHMOND,2023,180
51165,VA,ROCKINGHAM,2023,113
51171,VA,SHENANDOAH,2023,91.2
51175,VA,SOUTHAMPTON,2023,155.1
51177,VA,SPOTSYLVANIA,2023,172
51193,VA,WESTMORELAND,2023,159.1
51550,VA,CHESAPEAKE CITY,2023,174.8
51800,VA,SUFFOLK CITY,2023,139.5
51810,VA,VIRGINIA BEACH CITY,2023,190.5
53000,WA,OTHER COUNTIES,2023,248.4
53001,WA,ADAMS,2023,234.1
53021,WA,FRANKLIN,2023,224.3
53025,WA,GRANT,2023,235.6
53077,WA,YAKIMA,2023,232.9
55000,WI,OTHER COUNTIES,2023,162
55005,WI,BARRON,2023,150.4
55007,WI,BAYFIELD,2023,122.9
55009,WI,BROWN,2023,175.6
55011,WI,BUFFALO,2023,186.2
55013,WI,BURNETT,2023,124.3
55015,WI,CALUMET,2023,172.9
55017,WI,CHIPPEWA,2023,167.1
55019,WI,CLARK,2023,149.4
55021,WI,COLUMBIA,2023,185.1
55023,WI,CRAWFORD,2023,154.5
55025,WI,DANE,2023,196.9
55027,WI,DODGE,2023,199.9
55029,WI,DOOR,2023,165.1
55033,WI,DUNN,2023,182.9
55035,WI,EAU CLAIRE,2023,169
55039,WI,FOND DU LAC,2023,192.5
55043,WI,GRANT,2023,207.8
55045,WI,GREEN,2023,185.2
55049,WI,IOWA,2023,195.5
55053,WI,JACKSON,2023,160.5
55055,WI,JEFFERSON,2023,180.8
55057,WI,JUNEAU,2023,142.3
55059,WI,KENOSHA,2023,182.5
55061,WI,KEWAUNEE,2023,167
55063,WI,LA CROSSE,2023,162.7
55065,WI,LAFAYETTE,2023,210
55067,WI,LANGLADE,2023,149.1
55069,WI,LINCOLN,2023,146.8
55071,WI,MANITOWOC,2023,171.8
55073,WI,MARATHON,2023,153.8
55075,WI,MARINETTE,2023,161.6
55077,WI,MARQUETTE,2023,159.1
55079,WI,MILWAUKEE,2023,197.3
55081,WI,MONROE,2023,157.5
55083,WI,OCONTO,2023,168.7
55087,WI,OUTAGAMIE,2023,163.1
55089,WI,OZAUKEE,2023,182.3
55091,WI,PEPIN,2023,182.9
55093,WI,PIERCE,2023,200
55095,WI,POLK,2023,145.3
55097,WI,PORTAGE,2023,149.6
55099,WI,PRICE,2023,134.6
55101,WI,RACINE,2023,191.5
55103,WI,RICHLAND,2023,148.8
55105,WI,ROCK,2023,187.2
55107,WI,RUSK,2023,155.6
55109,WI,ST CROIX,2023,182.3
55111,WI,SAUK,2023,158.6
55113,WI,SAWYER,2023,133
55115,WI,SHAWANO,2023,165.1
55117,WI,SHEBOYGAN,2023,183
55119,WI,TAYLOR,2023,167.1
55121,WI,TREMPEALEAU,2023,147.1
55123,WI,VERNON,2023,140
55127,WI,WALWORTH,2023,192.4
55129,WI,WASHBURN,2023,132.6
55131,WI,WASHINGTON,2023,164.4
55133,WI,WAUKESHA,2023,172.4
55135,WI,WAUPACA,2023,162.4
55137,WI,WAUSHARA,2023,179.7
55139,WI,WINNEBAGO,2023,176.1
55141,WI,WOOD,2023,157
