report,release,market_year,status,item,unit,value
September 2026,2026-09,2024/25,Final,Area Harvested,million acres,83
September 2026,2026-09,2024/25,Final,Area Planted,million acres,90.9
September 2026,2026-09,2024/25,Final,Avg. Farm Price ($/bu),$/bu,4.24
September 2026,2026-09,2024/25,Final,Beginning Stocks,million bushels,1763
September 2026,2026-09,2024/25,Final,"Domestic, Total",million bushels,12253
September 2026,2026-09,2024/25,Final,Ending Stocks,million bushels,1551
September 2026,2026-09,2024/25,Final,Ethanol & by-products,million bushels,5436
September 2026,2026-09,2024/25,Final,Exports,million bushels,2873
September 2026,2026-09,2024/25,Final,Feed and Residual,million bushels,5438
September 2026,2026-09,2024/25,Final,"Food, Seed & Industrial",million bushels,6815
September 2026,2026-09,2024/25,Final,Imports,million bushels,22
September 2026,2026-09,2024/25,Final,Production,million bushels,14892
September 2026,2026-09,2024/25,Final,"Supply, Total",million bushels,16677
September 2026,2026-09,2024/25,Final,"Use, Total",million bushels,15126
September 2026,2026-09,2024/25,Final,Yield per Harvested Acre,bu/acre,179.3
September 2026,2026-09,2025/26,Estimate,Area Harvested,million acres,91.3
September 2026,2026-09,2025/26,Estimate,Area Planted,million acres,98.8
September 2026,2026-09,2025/26,Estimate,Avg. Farm Price ($/bu),$/bu,4.1499999999999995
September 2026,2026-09,2025/26,Estimate,Beginning Stocks,million bushels,1551
September 2026,2026-09,2025/26,Estimate,"Domestic, Total",million bushels,13255
September 2026,2026-09,2025/26,Estimate,Ending Stocks,million bushels,1922
September 2026,2026-09,2025/26,Estimate,Ethanol & by-products,million bushels,5550
September 2026,2026-09,2025/26,Estimate,Exports,million bushels,3425
September 2026,2026-09,2025/26,Estimate,Feed and Residual,million bushels,6350
September 2026,2026-09,2025/26,Estimate,"Food, Seed & Industrial",million bushels,6905
September 2026,2026-09,2025/26,Estimate,Imports,million bushels,30
September 2026,2026-09,2025/26,Estimate,Production,million bushels,17021
September 2026,2026-09,2025/26,Estimate,"Supply, Total",million bushels,18602
September 2026,2026-09,2025/26,Estimate,"Use, Total",million bushels,16680
September 2026,2026-09,2025/26,Estimate,Yield per Harvested Acre,bu/acre,186.5
September 2026,2026-09,2026/27,Projection,Area Harvested,million acres,88.5
September 2026,2026-09,2026/27,Projection,Area Planted,million acres,96.8
September 2026,2026-09,2026/27,Projection,Avg. Farm Price ($/bu),$/bu,4.8
September 2026,2026-09,2026/27,Projection,Beginning Stocks,million bushels,1922
September 2026,2026-09,2026/27,Projection,"Domestic, Total",million bushels,12905
September 2026,2026-09,2026/27,Projection,Ending Stocks,million bushels,1567
September 2026,2026-09,2026/27,Projection,Ethanol & by-products,million bushels,5600
September 2026,2026-09,2026/27,Projection,Exports,million bushels,3275
September 2026,2026-09,2026/27,Projection,Feed and Residual,million bushels,5950
September 2026,2026-09,2026/27,Projection,"Food, Seed & Industrial",million bushels,6955
September 2026,2026-09,2026/27,Projection,Imports,million bushels,25
September 2026,2026-09,2026/27,Projection,Production,million bushels,15800
September 2026,2026-09,2026/27,Projection,"Supply, Total",million bushels,17747
September 2026,2026-09,2026/27,Projection,"Use, Total",million bushels,16180
September 2026,2026-09,2026/27,Projection,Yield per Harvested Acre,bu/acre,178.5
