iso_year,iso_week,period,D6 RIN,Retail Gas,WTI Crude
2011,1,2011-01-07,0.02,3.07,89.54
2011,2,2011-01-14,0.02,3.089,91.02
2011,3,2011-01-21,0.02,3.104,89.75
2011,4,2011-01-28,0.015,3.11,86.11
2011,5,2011-02-04,0.02,3.101,89.52
2011,6,2011-02-11,0.02,3.132,85.51
2011,7,2011-02-18,0.02,3.14,84.13
2011,8,2011-02-25,0.015,3.189,95.26
2011,9,2011-03-04,0.015,3.383,101.05
2011,10,2011-03-11,0.025,3.52,103.74
2011,11,2011-03-18,0.02,3.567,99.79
2011,12,2011-03-25,0.08,3.562,104.41
2011,13,2011-04-01,0.025,3.596,105.08
2011,14,2011-04-08,0.025,3.684,109.29
2011,15,2011-04-15,0.025,3.791,107.75
2011,16,2011-04-22,0.02,3.844,109.11
2011,17,2011-04-29,0.025,3.879,112.3
2011,18,2011-05-06,0.02,3.963,105.84
2011,19,2011-05-13,0.02,3.965,99.87
2011,20,2011-05-20,0.015,3.96,97.99
2011,21,2011-05-27,0.05,3.849,99.55
2011,22,2011-06-03,0.02,3.794,100.92
2011,23,2011-06-10,0.02,3.781,100.05
2011,24,2011-06-17,0.02,3.713,95.87
2011,25,2011-06-24,0.025,3.652,92.7
2011,26,2011-07-01,0.02,3.574,93.7
2011,27,2011-07-08,0.02,3.579,97.12
2011,28,2011-07-15,0.02,3.641,96.72
2011,29,2011-07-22,0.025,3.682,98.01
2011,30,2011-07-29,0.02,3.699,97.83
2011,31,2011-08-05,0.02,3.711,90.85
2011,32,2011-08-12,0.03,3.674,82.86
2011,33,2011-08-19,0.025,3.604,85.36
2011,34,2011-08-26,0.02,3.581,85.06
2011,35,2011-09-02,0.02,3.627,88.07
2011,36,2011-09-09,0.02,3.674,87.91
2011,37,2011-09-16,0.02,3.661,88.93
2011,38,2011-09-23,0.025,3.601,83.65
2011,39,2011-09-30,0.02,3.509,81.18
2011,40,2011-10-07,0.02,3.433,79.43
2011,41,2011-10-14,0.02,3.417,85.35
2011,42,2011-10-21,0.02,3.476,86.82
2011,43,2011-10-28,0.02,3.462,92.32
2011,44,2011-11-04,0.015,3.452,93.24
2011,45,2011-11-11,0.02,3.424,96.97
2011,46,2011-11-18,0.01,3.436,99.32
2011,47,2011-11-25,0.01,3.368,96.89
2011,48,2011-12-02,0.01,3.307,99.91
2011,49,2011-12-09,0.01,3.29,100.08
2011,50,2011-12-16,0.02,3.286,96.06
2011,51,2011-12-23,0.03,3.229,97.74
2011,52,2011-12-30,0.015,3.258,99.81
2012,1,2012-01-06,0.01,3.299,102.39
2012,2,2012-01-13,0.02,3.382,100.43
2012,3,2012-01-20,0.016666666666666666,3.391,99.95
2012,4,2012-01-27,0.02,3.389,99.35
2012,5,2012-02-03,0.015,3.439,97.8
2012,6,2012-02-10,0.015,3.482,98.56
2012,7,2012-02-17,0.4533333333333333,3.523,101.73
2012,8,2012-02-24,0.02,3.591,107.18
2012,9,2012-03-02,0.02,3.721,107.52
2012,10,2012-03-09,0.015,3.793,106.32
2012,11,2012-03-16,0.02,3.829,106.15
2012,12,2012-03-23,0.015,3.867,106.41
2012,13,2012-03-30,0.015,3.918,105.12
2012,14,2012-04-06,0.02,3.941,103.52
2012,15,2012-04-13,0.015,3.939,102.55
2012,16,2012-04-20,0.02,3.922,103.15
2012,17,2012-04-27,0.015,3.87,103.78
2012,18,2012-05-04,0.02,3.83,103.47
2012,19,2012-05-11,0.015,3.79,96.98
2012,20,2012-05-18,0.04000000000000001,3.754,93.11
2012,21,2012-05-25,0.015,3.715,90.88
2012,22,2012-06-01,0.025,3.67,87.06
2012,23,2012-06-08,0.02,3.613,84.43
2012,24,2012-06-15,0.02,3.572,83.27
2012,25,2012-06-22,0.02,3.533,81.11
2012,26,2012-06-29,0.015,3.437,80.23
2012,27,2012-07-06,0.03,3.356,85.74
2012,28,2012-07-13,0.015,3.411,85.78
2012,29,2012-07-20,0.02,3.427,90.34
2012,30,2012-07-27,0.035,3.494,88.88
2012,31,2012-08-03,0.055,3.508,89.1
2012,32,2012-08-10,0.05500000000000001,3.645,93.14
2012,33,2012-08-17,0.025,3.721,94.43
2012,34,2012-08-24,0.05,3.744,96.22
2012,35,2012-08-31,0.08,3.776,95.68
2012,36,2012-09-07,0.035,3.843,95.68
2012,37,2012-09-14,0.16000000000000003,3.847,97.56
2012,38,2012-09-21,0.025,3.878,93.7
2012,39,2012-09-28,0.03,3.826,91.35
2012,40,2012-10-05,0.06,3.804,90.81
2012,41,2012-10-12,0.02,3.85,91.42
2012,42,2012-10-19,0.16499999999999998,3.819,91.59
2012,43,2012-10-26,0.235,3.687,86.35
2012,44,2012-11-02,0.04000000000000001,3.568,85.87
2012,45,2012-11-09,0.065,3.492,85.98
2012,46,2012-11-16,0.155,3.449,85.87
2012,47,2012-11-23,0.22500000000000003,3.429,87.4
2012,48,2012-11-30,0.08499999999999999,3.437,87.27
2012,49,2012-12-07,0.035,3.394,87
2012,50,2012-12-14,0.05,3.349,85.71
2012,51,2012-12-21,0.025,3.254,88.24
2012,52,2012-12-28,0.03,3.257,90.14
2013,1,2013-01-04,0.035,3.298,92.77
2013,2,2013-01-11,0.04,3.299,93.38
2013,3,2013-01-18,0.04666666666666667,3.303,94.58
2013,4,2013-01-25,0.11333333333333334,3.315,95.41
2013,5,2013-02-01,0.08666666666666667,3.357,97.33
2013,6,2013-02-08,0.09000000000000001,3.538,96.18
2013,7,2013-02-15,0.11666666666666667,3.611,96.95
2013,8,2013-02-22,0.12000000000000001,3.747,94.38
2013,9,2013-03-01,0.28,3.784,92.19
2013,10,2013-03-08,0.43000000000000005,3.759,91
2013,11,2013-03-15,0.435,3.71,92.7
2013,12,2013-03-22,0.475,3.696,93.05
2013,13,2013-03-29,0.43000000000000005,3.68,96.08
2013,14,2013-04-05,0.495,3.645,95.07
2013,15,2013-04-12,0.565,3.608,93.36
2013,16,2013-04-19,0.5349999999999999,3.542,88
2013,17,2013-04-26,0.61,3.536,91
2013,18,2013-05-03,0.455,3.52,93.4
2013,19,2013-05-10,0.585,3.538,95.84
2013,20,2013-05-17,0.61,3.603,94.65
2013,21,2013-05-24,0.655,3.673,94.76
2013,22,2013-05-31,0.6749999999999999,3.645,93.32
2013,23,2013-06-07,0.675,3.646,94.25
2013,24,2013-06-14,0.42,3.655,96.36
2013,25,2013-06-21,0.68,3.626,96.65
2013,26,2013-06-28,0.65,3.577,95.83
2013,27,2013-07-05,0.71,3.496,100.65
2013,28,2013-07-12,0.73,3.492,104.7
2013,29,2013-07-19,0.93,3.639,106.88
2013,30,2013-07-26,0.775,3.682,105.88
2013,31,2013-08-02,0.92,3.646,105.54
2013,32,2013-08-09,1.0350000000000001,3.632,105.17
2013,33,2013-08-16,0.97,3.561,106.97
2013,34,2013-08-23,0.9950000000000001,3.55,105.48
2013,35,2013-08-30,0.885,3.552,108.33
2013,36,2013-09-06,0.71,3.608,108.77
2013,37,2013-09-13,0.8,3.587,108.36
2013,38,2013-09-20,0.79,3.547,106.22
2013,39,2013-09-27,0.6950000000000001,3.495,103.1
2013,40,2013-10-04,0.78,3.425,103.14
2013,41,2013-10-11,0.475,3.367,102.7
2013,42,2013-10-18,0.7000000000000001,3.354,101.51
2013,43,2013-10-25,0.6499999999999999,3.36,97.57
2013,44,2013-11-01,0.6399999999999999,3.294,96.94
2013,45,2013-11-08,0.25,3.265,94.31
2013,46,2013-11-15,0.8500000000000001,3.194,93.94
2013,47,2013-11-22,0.275,3.219,93.92
2013,48,2013-11-29,0.785,3.293,92.97
2013,49,2013-12-06,0.45,3.272,96.21
2013,50,2013-12-13,0.365,3.269,97.23
2013,51,2013-12-20,0.565,3.239,97.85
2013,52,2013-12-27,0.405,3.271,99.15
2014,1,2014-01-03,0.585,3.331,96.47
2014,2,2014-01-10,0.2833333333333333,3.332,92.42
2014,3,2014-01-17,0.2866666666666667,3.327,92.98
2014,4,2014-01-24,0.32666666666666666,3.296,96.19
2014,5,2014-01-31,0.3466666666666667,3.295,97.29
2014,6,2014-02-07,0.39666666666666667,3.292,97.78
2014,7,2014-02-14,0.43333333333333335,3.309,100.21
2014,8,2014-02-21,0.47333333333333333,3.38,102.93
2014,9,2014-02-28,0.4366666666666667,3.444,102.77
2014,10,2014-03-07,0.505,3.479,103.07
2014,11,2014-03-14,0.42000000000000004,3.512,99.55
2014,12,2014-03-21,0.44,3.547,99.77
2014,13,2014-03-28,0.39,3.549,100.66
2014,14,2014-04-04,0.44333333333333336,3.579,100.46
2014,15,2014-04-11,0.48000000000000004,3.596,102.72
2014,16,2014-04-18,0.4766666666666667,3.651,103.95
2014,17,2014-04-25,0.43500000000000005,3.683,102.11
2014,18,2014-05-02,0.4466666666666667,3.713,100.51
2014,19,2014-05-09,0.38666666666666666,3.684,100.29
2014,20,2014-05-16,0.4633333333333333,3.668,101.92
2014,21,2014-05-23,0.47000000000000003,3.665,103.82
2014,22,2014-05-30,0.26666666666666666,3.674,103.95
2014,23,2014-06-06,0.4366666666666667,3.69,103.23
2014,24,2014-06-13,0.49,3.674,105.97
2014,25,2014-06-20,0.54,3.686,107.23
2014,26,2014-06-27,0.45000000000000007,3.704,106.69
2014,27,2014-07-04,0.475,3.704,105.52
2014,28,2014-07-11,0.455,3.678,103.25
2014,29,2014-07-18,0.485,3.635,102.37
2014,30,2014-07-25,0.51,3.593,104.35
2014,31,2014-08-01,0.505,3.539,102.19
2014,32,2014-08-08,0.4666666666666667,3.515,97.5
2014,33,2014-08-15,0.5,3.505,97.17
2014,34,2014-08-22,0.32,3.472,94.95
2014,35,2014-08-29,0.5066666666666667,3.454,96.25
2014,36,2014-09-05,0.505,3.459,94.06
2014,37,2014-09-12,0.485,3.457,92.43
2014,38,2014-09-19,0.495,3.408,93.52
2014,39,2014-09-26,0.44500000000000006,3.353,93.15
2014,40,2014-10-03,0.4733333333333334,3.354,91.44
2014,41,2014-10-10,0.45333333333333337,3.299,87.63
2014,42,2014-10-17,0.47000000000000003,3.207,82.88
2014,43,2014-10-24,0.48333333333333334,3.12,82.12
2014,44,2014-10-31,0.41500000000000004,3.056,81.29
2014,45,2014-11-07,0.29000000000000004,2.993,78.24
2014,46,2014-11-14,0.44000000000000006,2.941,76.5
2014,47,2014-11-21,0.465,2.894,75.38
2014,48,2014-11-28,0.485,2.821,72.36
2014,49,2014-12-05,0.375,2.778,67.18
2014,50,2014-12-12,0.4066666666666667,2.679,61.14
2014,51,2014-12-19,0.54,2.554,55.89
2014,52,2014-12-26,0.565,2.403,55.58
2015,1,2015-01-02,0.5166666666666667,2.299,53.44
2015,2,2015-01-09,0.52,2.214,48.77
2015,3,2015-01-16,0.73,2.139,47.07
2015,4,2015-01-23,0.6866666666666666,2.066,46.46
2015,5,2015-01-30,0.64,2.044,45.32
2015,6,2015-02-06,0.6166666666666667,2.068,50.58
2015,7,2015-02-13,0.6033333333333333,2.191,51.14
2015,8,2015-02-20,0.69,2.274,51.69
2015,9,2015-02-27,0.7233333333333333,2.332,49.16
2015,10,2015-03-06,0.6799999999999999,2.473,50.38
2015,11,2015-03-13,0.6866666666666666,2.487,47.69
2015,12,2015-03-20,0.6733333333333333,2.453,44.39
2015,13,2015-03-27,0.6766666666666666,2.457,48.68
2015,14,2015-04-03,0.6866666666666666,2.448,48.91
2015,15,2015-04-10,0.6775,2.413,51.78
2015,16,2015-04-17,0.6675,2.408,54.78
2015,17,2015-04-24,0.645,2.485,56.14
2015,18,2015-05-01,0.6966666666666667,2.57,57.98
2015,19,2015-05-08,0.72,2.664,59.73
2015,20,2015-05-15,0.72,2.691,60.01
2015,21,2015-05-22,0.69,2.744,58.95
2015,22,2015-05-29,0.71,2.774,58.19
2015,23,2015-06-05,0.5733333333333334,2.78,59.66
2015,24,2015-06-12,0.52,2.78,60.07
2015,25,2015-06-19,0.56,2.835,59.89
2015,26,2015-06-26,0.595,2.812,60.01
2015,27,2015-07-03,0.6174999999999999,2.801,57.92
2015,28,2015-07-10,0.52,2.793,52.38
2015,29,2015-07-17,0.56,2.834,51.68
2015,30,2015-07-24,0.515,2.802,49.21
2015,31,2015-07-31,0.49,2.745,47.91
2015,32,2015-08-07,0.4366666666666667,2.689,44.94
2015,33,2015-08-14,0.53,2.629,43.2
2015,34,2015-08-21,0.5650000000000001,2.716,41.34
2015,35,2015-08-28,0.4825,2.637,40.73
2015,36,2015-09-04,0.43333333333333335,2.51,46.73
2015,37,2015-09-11,0.455,2.437,45.16
2015,38,2015-09-18,0.4975,2.375,45.48
2015,39,2015-09-25,0.5233333333333333,2.327,45.57
2015,40,2015-10-02,0.415,2.322,45
2015,41,2015-10-09,0.4666666666666667,2.318,48.36
2015,42,2015-10-16,0.47,2.337,46.82
2015,43,2015-10-23,0.5033333333333333,2.277,45.16
2015,44,2015-10-30,0.44999999999999996,2.228,44.99
2015,45,2015-11-06,0.42000000000000004,2.224,45.98
2015,46,2015-11-13,0.44000000000000006,2.235,42.7
2015,47,2015-11-20,0.5425,2.178,40.62
2015,48,2015-11-27,0.5075,2.094,40.49
2015,49,2015-12-04,0.5575,2.059,40.4
2015,50,2015-12-11,0.6566666666666666,2.053,36.93
2015,51,2015-12-18,0.59,2.037,35.78
2015,52,2015-12-25,0.59,2.026,36.26
2015,53,2016-01-01,0.5233333333333333,2.034,36.99
2016,1,2016-01-08,0.695,2.028,34.65
2016,2,2016-01-15,0.6499999999999999,1.996,30.59
2016,3,2016-01-22,0.5733333333333333,1.914,29.19
2016,4,2016-01-29,0.444,1.856,31.81
2016,5,2016-02-05,0.6819999999999999,1.822,31.26
2016,6,2016-02-12,0.6559999999999999,1.759,28.14
2016,7,2016-02-19,0.6933333333333332,1.724,30.02
2016,8,2016-02-26,0.6375,1.73,31.32
2016,9,2016-03-04,0.6749999999999999,1.783,34.43
2016,10,2016-03-11,0.522,1.841,37.69
2016,11,2016-03-18,0.6579999999999999,1.961,38.32
2016,12,2016-03-25,0.722,2.007,39.45
2016,13,2016-04-01,0.635,2.066,36.82
2016,14,2016-04-08,0.644,2.083,36.72
2016,15,2016-04-15,0.6124999999999999,2.069,41.23
2016,16,2016-04-22,0.7,2.137,41.86
2016,17,2016-04-29,0.725,2.162,44.3
2016,18,2016-05-06,0.7333333333333333,2.24,44.22
2016,19,2016-05-13,0.725,2.22,45.44
2016,20,2016-05-20,0.67,2.242,47.99
2016,21,2016-05-27,0.7066666666666667,2.3,48.72
2016,22,2016-06-03,0.73,2.339,49
2016,23,2016-06-10,0.745,2.381,50.18
2016,24,2016-06-17,0.74,2.399,47.89
2016,25,2016-06-24,0.61,2.353,48.71
2016,26,2016-07-01,0.6883333333333334,2.329,48.17
2016,27,2016-07-08,0.7975,2.291,46.17
2016,28,2016-07-15,0.806,2.253,45.6
2016,29,2016-07-22,0.868,2.23,44.44
2016,30,2016-07-29,0.8200000000000001,2.182,41.83
2016,31,2016-08-05,0.8266666666666668,2.159,40.82
2016,32,2016-08-12,0.8700000000000001,2.15,43.11
2016,33,2016-08-19,0.5800000000000001,2.149,47.16
2016,34,2016-08-26,0.8075000000000001,2.193,47.05
2016,35,2016-09-02,0.8033333333333333,2.237,45.11
2016,36,2016-09-09,0.7766666666666666,2.223,45.96
2016,37,2016-09-16,0.8300000000000001,2.202,44.34
2016,38,2016-09-23,0.7366666666666667,2.225,44.59
2016,39,2016-09-30,0.7725,2.224,46.55
2016,40,2016-10-07,0.7833333333333333,2.245,49.48
2016,41,2016-10-14,0.75,2.272,50.29
2016,42,2016-10-21,0.874,2.257,50.56
2016,43,2016-10-28,0.6880000000000001,2.243,49.36
2016,44,2016-11-04,0.8225,2.23,45.51
2016,45,2016-11-11,0.81,2.233,44.61
2016,46,2016-11-18,0.8525,2.184,45.15
2016,47,2016-11-25,0.8625,2.155,47.25
2016,48,2016-12-02,0.896,2.154,48.63
2016,49,2016-12-09,0.9325000000000001,2.208,50.97
2016,50,2016-12-16,0.9,2.236,51.91
2016,51,2016-12-23,0.8566666666666667,2.264,51.95
2016,52,2016-12-30,0.8525,2.309,53.6
2017,1,2017-01-06,0.8125,2.377,53.34
2017,2,2017-01-13,0.818,2.388,52.07
2017,3,2017-01-20,0.8175,2.358,51.82
2017,4,2017-01-27,0.8025,2.326,52.74
2017,5,2017-02-03,0.772,2.296,53.33
2017,6,2017-02-10,0.7,2.293,52.88
2017,7,2017-02-17,0.5875,2.307,53.22
2017,8,2017-02-24,0.55,2.302,54.03
2017,9,2017-03-03,0.5475,2.314,53.56
2017,10,2017-03-10,0.516,2.341,50.5
2017,11,2017-03-17,0.532,2.323,48.03
2017,12,2017-03-24,0.5783333333333334,2.321,47.28
2017,13,2017-03-31,0.604,2.315,49.14
2017,14,2017-04-07,0.5475,2.36,51.26
2017,15,2017-04-14,0.565,2.424,53.19
2017,16,2017-04-21,0.5,2.436,51.09
2017,17,2017-04-28,0.4375,2.449,49.12
2017,18,2017-05-05,0.675,2.411,47.21
2017,19,2017-05-12,0.55,2.372,47.04
2017,20,2017-05-19,0.5966666666666667,2.369,49.24
2017,21,2017-05-26,0.5066666666666667,2.399,50.21
2017,22,2017-06-02,0.59,2.406,48.48
2017,23,2017-06-09,0.58,2.414,46.57
2017,24,2017-06-16,0.5566666666666666,2.366,45.3
2017,25,2017-06-23,0.5833333333333334,2.318,43.09
2017,26,2017-06-30,0.6833333333333333,2.288,44.63
2017,27,2017-07-07,0.71,2.26,44.96
2017,28,2017-07-14,0.665,2.297,45.51
2017,29,2017-07-21,0.6533333333333333,2.278,46.41
2017,30,2017-07-28,0.6625,2.312,48.27
2017,31,2017-08-04,0.7366666666666667,2.352,49.52
2017,32,2017-08-11,0.7866666666666666,2.378,49.08
2017,33,2017-08-18,0.7033333333333333,2.384,47.52
2017,34,2017-08-25,0.8275,2.36,47.68
2017,35,2017-09-01,0.8533333333333333,2.399,46.68
2017,36,2017-09-08,0.835,2.679,48.58
2017,37,2017-09-15,0.835,2.685,49.07
2017,38,2017-09-22,0.7749999999999999,2.634,50.12
2017,39,2017-09-29,0.8,2.583,51.77
2017,40,2017-10-06,0.785,2.565,50.23
2017,41,2017-10-13,0.7633333333333334,2.504,50.77
2017,42,2017-10-20,0.7733333333333333,2.489,51.74
2017,43,2017-10-27,0.8200000000000001,2.479,52.51
2017,44,2017-11-03,0.7350000000000001,2.488,54.59
2017,45,2017-11-10,0.9100000000000001,2.561,57.05
2017,46,2017-11-17,1.1300000000000001,2.592,55.81
2017,47,2017-11-24,0.9033333333333334,2.568,57.47
2017,48,2017-12-01,0.8800000000000001,2.533,57.81
2017,49,2017-12-08,0.8525,2.5,56.92
2017,50,2017-12-15,0.8566666666666667,2.485,57.17
2017,51,2017-12-22,0.7875000000000001,2.45,57.87
2017,52,2017-12-29,0.815,2.472,59.88
2018,1,2018-01-05,0.48666666666666664,2.52,61.36
2018,2,2018-01-12,0.9,2.522,63.26
2018,3,2018-01-19,0.712,2.557,63.77
2018,4,2018-01-26,0.71,2.567,65.14
2018,5,2018-02-02,0.786,2.607,65.32
2018,6,2018-02-09,0.6924999999999999,2.637,62.01
2018,7,2018-02-16,0.6733333333333333,2.607,60.56
2018,8,2018-02-23,0.6599999999999999,2.557,62.47
2018,9,2018-03-02,0.6499999999999999,2.548,62.07
2018,10,2018-03-09,0.84,2.56,61.65
2018,11,2018-03-16,0.51,2.559,61.28
2018,12,2018-03-23,0.5725,2.598,64.11
2018,13,2018-03-30,0.5625,2.648,64.97
2018,14,2018-04-06,0.5533333333333333,2.7,63.07
2018,15,2018-04-13,0.3925,2.694,66.02
2018,16,2018-04-20,0.46499999999999997,2.747,67.55
2018,17,2018-04-27,0.3933333333333333,2.798,67.91
2018,18,2018-05-04,0.3575,2.846,68.38
2018,19,2018-05-11,0.36666666666666664,2.845,70.56
2018,20,2018-05-18,0.38333333333333336,2.873,71.3
2018,21,2018-05-25,0.39,2.923,70.98
2018,22,2018-06-01,0.3225,2.962,66.96
2018,23,2018-06-08,0.375,2.94,65.35
2018,24,2018-06-15,0.3166666666666667,2.911,66.21
2018,25,2018-06-22,0.34,2.879,66.32
2018,26,2018-06-29,0.37,2.833,74.03
2018,27,2018-07-06,0.30333333333333334,2.844,73.73
2018,28,2018-07-13,0.295,2.857,71.96
2018,29,2018-07-20,0.275,2.865,68.95
2018,30,2018-07-27,0.25333333333333335,2.831,70.01
2018,31,2018-08-03,0.26,2.846,69.46
2018,32,2018-08-10,0.23000000000000004,2.852,67.9
2018,33,2018-08-17,0.26,2.843,66.15
2018,34,2018-08-24,0.20666666666666667,2.821,68.1
2018,35,2018-08-31,0.22333333333333336,2.827,69.66
2018,36,2018-09-07,0.21000000000000002,2.824,68.51
2018,37,2018-09-14,0.21500000000000002,2.833,68.96
2018,38,2018-09-21,0.23,2.841,70.28
2018,39,2018-09-28,0.225,2.844,72.84
2018,40,2018-10-05,0.23,2.866,75.13
2018,41,2018-10-12,0.23500000000000001,2.903,72.96
2018,42,2018-10-19,0.19,2.879,70.24
2018,43,2018-10-26,0.17,2.841,67.43
2018,44,2018-11-02,0.185,2.811,65.06
2018,45,2018-11-09,0.115,2.753,61.57
2018,46,2018-11-16,0.20500000000000002,2.686,56.92
2018,47,2018-11-23,0.21666666666666667,2.611,54.99
2018,48,2018-11-30,0.11500000000000002,2.539,51.01
2018,49,2018-12-07,0.135,2.451,52.63
2018,50,2018-12-14,0.16333333333333333,2.421,51.54
2018,51,2018-12-21,0.22,2.369,46.98
2018,52,2018-12-28,0.21333333333333335,2.321,45.22
2019,1,2019-01-04,0.11714285714285715,2.266,47
2019,2,2019-01-11,0.1225,2.237,50.78
2019,3,2019-01-18,0.1975,2.247,51.92
2019,4,2019-01-25,0.1675,2.251,52.88
2019,5,2019-02-01,0.13,2.256,53.63
2019,6,2019-02-08,0.17333333333333334,2.254,53.53
2019,7,2019-02-15,0.1775,2.276,53.88
2019,8,2019-02-22,0.21000000000000002,2.317,56.74
2019,9,2019-03-01,0.192,2.39,56.12
2019,10,2019-03-08,0.386,2.422,56.35
2019,11,2019-03-15,0.162,2.471,57.81
2019,12,2019-03-22,0.1075,2.548,59.44
2019,13,2019-03-29,0.1275,2.623,59.49
2019,14,2019-04-05,0.13666666666666666,2.691,62.36
2019,15,2019-04-12,0.15,2.745,64.1
2019,16,2019-04-19,0.15333333333333332,2.828,63.8
2019,17,2019-04-26,0.14500000000000002,2.841,65.28
2019,18,2019-05-03,0.135,2.887,62.9
2019,19,2019-05-10,0.14500000000000002,2.897,61.81
2019,20,2019-05-17,0.16000000000000003,2.866,62.1
2019,21,2019-05-24,0.14,2.852,60.72
2019,22,2019-05-31,0.12000000000000001,2.822,56.93
2019,23,2019-06-07,0.16333333333333333,2.807,52.97
2019,24,2019-06-14,0.15000000000000002,2.732,52.52
2019,25,2019-06-21,0.14500000000000002,2.67,54.75
2019,26,2019-06-28,0.17333333333333334,2.654,58.38
2019,27,2019-07-05,0.13333333333333333,2.713,57.32
2019,28,2019-07-12,0.195,2.743,59.02
2019,29,2019-07-19,0.165,2.779,56.74
2019,30,2019-07-26,0.21333333333333335,2.75,56.05
2019,31,2019-08-02,0.185,2.715,56.55
2019,32,2019-08-09,0.195,2.688,53.28
2019,33,2019-08-16,0.135,2.624,55.31
2019,34,2019-08-23,0.15,2.598,55.5
2019,35,2019-08-30,0.14,2.574,55.21
2019,36,2019-09-06,0.15500000000000003,2.563,55.73
2019,37,2019-09-13,0.13,2.55,56.16
2019,38,2019-09-20,0.16666666666666669,2.552,59.33
2019,39,2019-09-27,0.11666666666666667,2.654,56.9
2019,40,2019-10-04,0.16,2.642,53.12
2019,41,2019-10-11,0.15000000000000002,2.645,53.27
2019,42,2019-10-18,0.14,2.629,53.49
2019,43,2019-10-25,0.15666666666666668,2.638,55.2
2019,44,2019-11-01,0.14,2.596,55.17
2019,45,2019-11-08,0.14500000000000002,2.605,56.69
2019,46,2019-11-15,0.12333333333333334,2.615,56.85
2019,47,2019-11-22,0.14,2.592,56.9
2019,48,2019-11-29,0.11000000000000001,2.579,58.07
2019,49,2019-12-06,0.115,2.575,57.64
2019,50,2019-12-13,0.125,2.561,59.25
2019,51,2019-12-20,0.11500000000000002,2.536,60.75
2019,52,2019-12-27,0.11500000000000002,2.532,61.29
2020,1,2020-01-03,0.13,2.571,61.74
2020,2,2020-01-10,0.1275,2.578,60.84
2020,3,2020-01-17,0.14,2.57,58.29
2020,4,2020-01-24,0.12000000000000001,2.537,56.15
2020,5,2020-01-31,0.1275,2.506,52.69
2020,6,2020-02-07,0.15000000000000002,2.455,50.36
2020,7,2020-02-14,0.16666666666666666,2.419,50.83
2020,8,2020-02-21,0.1925,2.428,53.14
2020,9,2020-02-28,0.1925,2.466,48.36
2020,10,2020-03-06,0.28600000000000003,2.423,45.57
2020,11,2020-03-13,0.2825,2.375,32.39
2020,12,2020-03-20,0.22,2.248,24.19
2020,13,2020-03-27,0.20833333333333334,2.12,19.44
2020,14,2020-04-03,0.2416666666666667,2.005,21.69
2020,15,2020-04-10,0.24666666666666667,1.924,24.41
2020,16,2020-04-17,0.23750000000000002,1.853,20.12
2020,17,2020-04-24,0.26,1.812,3.32
2020,18,2020-05-01,0.26666666666666666,1.773,15.71
2020,19,2020-05-08,0.32,1.789,23.46
2020,20,2020-05-15,0.31999999999999995,1.851,26.4
2020,21,2020-05-22,0.32999999999999996,1.878,33.1
2020,22,2020-05-29,0.32999999999999996,1.96,34.19
2020,23,2020-06-05,0.355,1.974,37.32
2020,24,2020-06-12,0.35,2.036,37.87
2020,25,2020-06-19,0.365,2.098,38.35
2020,26,2020-06-26,0.32,2.129,39.22
2020,27,2020-07-03,0.3933333333333333,2.174,39.85
2020,28,2020-07-10,0.33999999999999997,2.177,40.44
2020,29,2020-07-17,0.3775,2.195,40.57
2020,30,2020-07-24,0.4266666666666667,2.186,41.34
2020,31,2020-07-31,0.44333333333333336,2.175,40.69
2020,32,2020-08-07,0.42000000000000004,2.176,41.57
2020,33,2020-08-14,0.38,2.166,42.08
2020,34,2020-08-21,0.41000000000000003,2.166,42.73
2020,35,2020-08-28,0.3666666666666667,2.182,42.93
2020,36,2020-09-04,0.4033333333333333,2.222,41.84
2020,37,2020-09-11,0.365,2.211,37.38
2020,38,2020-09-18,0.42000000000000004,2.183,39.55
2020,39,2020-09-25,0.4266666666666667,2.168,39.78
2020,40,2020-10-02,0.385,2.169,38.99
2020,41,2020-10-09,0.35333333333333333,2.172,40.19
2020,42,2020-10-16,0.4633333333333334,2.167,40.33
2020,43,2020-10-23,0.46,2.15,40.43
2020,44,2020-10-30,0.49000000000000005,2.143,37.32
2020,45,2020-11-06,0.41000000000000003,2.112,37.71
2020,46,2020-11-13,0.5066666666666666,2.096,40.66
2020,47,2020-11-20,0.505,2.111,41.52
2020,48,2020-11-27,0.595,2.102,44.4
2020,49,2020-12-04,0.5133333333333334,2.12,45.37
2020,50,2020-12-11,0.5766666666666667,2.156,46.04
2020,51,2020-12-18,0.63,2.158,47.97
2020,52,2020-12-25,0.52,2.224,47.73
2020,53,2021-01-01,0.56,2.243,47.98
2021,1,2021-01-08,0.65,2.249,50.09
2021,2,2021-01-15,0.6775,2.317,52.75
2021,3,2021-01-22,0.77,2.379,52.82
2021,4,2021-01-29,0.756,2.392,52.52
2021,5,2021-02-05,0.74,2.409,55.39
2021,6,2021-02-12,0.8033333333333333,2.461,58.54
2021,7,2021-02-19,0.6175,2.501,60.17
2021,8,2021-02-26,0.8666666666666667,2.633,62.3
2021,9,2021-03-05,0.978,2.711,62.29
2021,10,2021-03-12,0.9625,2.771,65.02
2021,11,2021-03-19,0.935,2.853,63.22
2021,12,2021-03-26,1.1433333333333333,2.865,59.95
2021,13,2021-04-02,1.206,2.852,60.66
2021,14,2021-04-09,1.0533333333333335,2.857,59.35
2021,15,2021-04-16,1.125,2.849,61.93
2021,16,2021-04-23,1.215,2.855,62.18
2021,17,2021-04-30,1.25,2.872,63.47
2021,18,2021-05-07,1.28,2.89,65.1
2021,19,2021-05-14,1.2850000000000001,2.961,65.07
2021,20,2021-05-21,1.49,3.028,64.11
2021,21,2021-05-28,1.6466666666666667,3.02,66.4
2021,22,2021-06-04,1.35,3.027,68.74
2021,23,2021-06-11,1.44,3.035,70.11
2021,24,2021-06-18,1.545,3.069,71.55
2021,25,2021-06-25,1.5150000000000001,3.06,73.48
2021,26,2021-07-02,1.37,3.091,74.07
2021,27,2021-07-09,1.635,3.122,73.35
2021,28,2021-07-16,1.4766666666666668,3.133,73.19
2021,29,2021-07-23,1.4849999999999999,3.153,69.68
2021,30,2021-07-30,1.48,3.136,72.75
2021,31,2021-08-06,1.54,3.159,69.5
2021,32,2021-08-13,1.4449999999999998,3.172,68.33
2021,33,2021-08-20,1.6300000000000001,3.174,65.05
2021,34,2021-08-27,1.5,3.145,67.59
2021,35,2021-09-03,1.4849999999999999,3.139,69.15
2021,36,2021-09-10,1.43,3.176,68.98
2021,37,2021-09-17,1.3900000000000001,3.165,71.69
2021,38,2021-09-24,1.3633333333333333,3.184,72.18
2021,39,2021-10-01,1.3366666666666667,3.175,75.45
2021,40,2021-10-08,1.415,3.19,78.5
2021,41,2021-10-15,1.2750000000000001,3.267,81.18
2021,42,2021-10-22,1.1666666666666667,3.322,83.48
2021,43,2021-10-29,1.1800000000000002,3.383,83.84
2021,44,2021-11-05,1.1460000000000001,3.39,81.79
2021,45,2021-11-12,1.2200000000000002,3.41,81.93
2021,46,2021-11-19,1.0666666666666667,3.399,78.99
2021,47,2021-11-26,1.185,3.395,77.79
2021,48,2021-12-03,1.33,3.38,66.89
2021,49,2021-12-10,1.29,3.341,71.31
2021,50,2021-12-17,1.1800000000000002,3.315,71.18
2021,51,2021-12-24,1.0333333333333334,3.295,71.63
2021,52,2021-12-31,1.0916666666666668,3.275,76.05
2022,1,2022-01-07,1.1666666666666667,3.281,77.86
2022,2,2022-01-14,1.09,3.295,81.52
2022,3,2022-01-21,1.11,3.306,85.93
2022,4,2022-01-28,1.21,3.323,86.94
2022,5,2022-02-04,1.0733333333333335,3.368,89.6
2022,6,2022-02-11,1.125,3.444,90.61
2022,7,2022-02-18,1.1633333333333333,3.487,92.89
2022,8,2022-02-25,1.1333333333333335,3.53,92.18
2022,9,2022-03-04,1.1333333333333335,3.608,106.8
2022,10,2022-03-11,1.1433333333333335,4.102,113.39
2022,11,2022-03-18,1.1366666666666667,4.315,100.43
2022,12,2022-03-25,1.1300000000000001,4.239,113.69
2022,13,2022-04-01,1.12,4.231,103.89
2022,14,2022-04-08,1.145,4.17,99.21
2022,15,2022-04-15,1.1600000000000001,4.091,101.46
2022,16,2022-04-22,1.185,4.066,104.02
2022,17,2022-04-29,1.2433333333333334,4.107,102.85
2022,18,2022-05-06,1.28,4.182,106.69
2022,19,2022-05-13,1.3433333333333335,4.328,105
2022,20,2022-05-20,1.2349999999999999,4.491,112.18
2022,21,2022-05-27,1.3766666666666667,4.593,113.38
2022,22,2022-06-03,1.32,4.624,116.37
2022,23,2022-06-10,1.4775,4.876,120.43
2022,24,2022-06-17,1.3925,5.006,116.46
2022,25,2022-06-24,1.23,4.962,107.88
2022,26,2022-07-01,1.2966666666666666,4.872,110.96
2022,27,2022-07-08,1.315,4.771,103.32
2022,28,2022-07-15,1.33,4.646,99.92
2022,29,2022-07-22,1.42,4.49,102.24
2022,30,2022-07-29,1.4,4.33,99.6
2022,31,2022-08-05,1.355,4.192,94.01
2022,32,2022-08-12,1.41,4.038,94.65
2022,33,2022-08-19,1.4625,3.938,91.81
2022,34,2022-08-26,1.4233333333333333,3.88,94.47
2022,35,2022-09-02,1.5133333333333334,3.827,90.79
2022,36,2022-09-09,1.5025,3.746,85.29
2022,37,2022-09-16,1.5925,3.69,87.24
2022,38,2022-09-23,1.5975000000000001,3.654,83.46
2022,39,2022-09-30,1.5375,3.711,80.08
2022,40,2022-10-07,1.59,3.782,88.22
2022,41,2022-10-14,1.58,3.912,88.97
2022,42,2022-10-21,1.5966666666666667,3.871,85.36
2022,43,2022-10-28,1.5325000000000002,3.769,87.87
2022,44,2022-11-04,1.6475000000000002,3.742,89.14
2022,45,2022-11-11,1.6866666666666668,3.796,88.41
2022,46,2022-11-18,1.67,3.762,84.02
2022,47,2022-11-25,1.6900000000000002,3.648,78.74
2022,48,2022-12-02,1.7575,3.534,79.29
2022,49,2022-12-09,1.6700000000000002,3.39,73.06
2022,50,2022-12-16,1.6500000000000001,3.239,75.12
2022,51,2022-12-23,1.6400000000000001,3.12,77.28
2022,52,2022-12-30,1.6075000000000002,3.091,79.23
2023,1,2023-01-06,1.6700000000000002,3.223,74.27
2023,2,2023-01-13,1.6866666666666668,3.259,77.1
2023,3,2023-01-20,1.6733333333333333,3.31,80.34
2023,4,2023-01-27,1.4625000000000001,3.415,80.33
2023,5,2023-02-03,1.5525000000000002,3.489,76.51
2023,6,2023-02-10,1.6400000000000001,3.444,77.51
2023,7,2023-02-17,1.6175000000000002,3.39,78.51
2023,8,2023-02-24,1.6266666666666667,3.379,75.42
2023,9,2023-03-03,1.6400000000000001,3.342,77.54
2023,10,2023-03-10,1.6333333333333335,3.389,77.31
2023,11,2023-03-17,1.5575,3.456,69.6
2023,12,2023-03-24,1.6,3.422,69.33
2023,13,2023-03-31,1.5675000000000001,3.421,73.79
2023,14,2023-04-07,1.6,3.497,80.62
2023,15,2023-04-14,1.5966666666666667,3.596,81.87
2023,16,2023-04-21,1.4333333333333333,3.663,79.22
2023,17,2023-04-28,1.5633333333333335,3.656,76.31
2023,18,2023-05-05,1.58,3.6,71.16
2023,19,2023-05-12,1.57,3.533,72.03
2023,20,2023-05-19,1.5533333333333335,3.536,71.62
2023,21,2023-05-26,1.5666666666666667,3.534,72.62
2023,22,2023-06-02,1.57,3.571,69.85
2023,23,2023-06-09,1.5350000000000001,3.541,71.56
2023,24,2023-06-16,1.5750000000000002,3.595,69.42
2023,25,2023-06-23,1.565,3.577,70.41
2023,26,2023-06-30,1.48,3.571,69.36
2023,27,2023-07-07,1.5166666666666666,3.527,71.79
2023,28,2023-07-14,1.5533333333333335,3.546,75.2
2023,29,2023-07-21,1.5433333333333334,3.559,75.61
2023,30,2023-07-28,1.5550000000000002,3.596,79.68
2023,31,2023-08-04,1.545,3.757,81.4
2023,32,2023-08-11,1.52,3.828,83.04
2023,33,2023-08-18,1.53,3.85,80.93
2023,34,2023-08-25,1.5133333333333334,3.868,79.97
2023,35,2023-09-01,1.53,3.813,82.5
2023,36,2023-09-08,1.46,3.807,87.17
2023,37,2023-09-15,1.475,3.822,89.14
2023,38,2023-09-22,1.4533333333333334,3.878,90.28
2023,39,2023-09-29,1.3833333333333333,3.837,91.44
2023,40,2023-10-06,1.23,3.798,85.5
2023,41,2023-10-13,1.135,3.684,85.03
2023,42,2023-10-20,1.0966666666666667,3.576,88.03
2023,43,2023-10-27,1.1175,3.533,85.2
2023,44,2023-11-03,1.0966666666666667,3.473,81.99
2023,45,2023-11-10,1.1633333333333333,3.396,77.92
2023,46,2023-11-17,0.9750000000000001,3.349,76.98
2023,47,2023-11-24,1.2933333333333334,3.289,77.02
2023,48,2023-12-01,0.9025000000000001,3.238,75.49
2023,49,2023-12-08,1.025,3.231,70.71
2023,50,2023-12-15,1,3.136,70.11
2023,51,2023-12-22,0.9500000000000001,3.053,73.23
2023,52,2023-12-29,0.935,3.116,73.52
2024,1,2024-01-05,1.055,3.089,72.49
2024,2,2024-01-12,0.8900000000000001,3.073,72.03
2024,3,2024-01-19,0.85,3.058,73.36
2024,4,2024-01-26,0.9800000000000001,3.062,76.36
2024,5,2024-02-02,0.905,3.095,75.78
2024,6,2024-02-09,0.89,3.136,75.05
2024,7,2024-02-16,0.8566666666666667,3.192,78.17
2024,8,2024-02-23,0.7133333333333334,3.269,78.71
2024,9,2024-03-01,0.7966666666666666,3.249,79.58
2024,10,2024-03-08,0.7233333333333334,3.35,79.53
2024,11,2024-03-15,0.6900000000000001,3.376,80.43
2024,12,2024-03-22,0.6766666666666666,3.453,82.79
2024,13,2024-03-29,0.6466666666666667,3.523,82.73
2024,14,2024-04-05,0.615,3.517,86.35
2024,15,2024-04-12,0.845,3.591,86.5
2024,16,2024-04-19,0.5633333333333334,3.628,84.65
2024,17,2024-04-26,0.7849999999999999,3.668,84.48
2024,18,2024-05-03,0.575,3.653,81.74
2024,19,2024-05-10,0.6,3.643,80.26
2024,20,2024-05-17,0.595,3.608,80.61
2024,21,2024-05-24,0.535,3.584,79.43
2024,22,2024-05-31,0.545,3.577,79.52
2024,23,2024-06-07,0.58,3.516,75.53
2024,24,2024-06-14,0.6,3.429,79.24
2024,25,2024-06-21,0.5700000000000001,3.435,82.26
2024,26,2024-06-28,0.59,3.438,82.53
2024,27,2024-07-05,0.8366666666666667,3.479,84.61
2024,28,2024-07-12,0.63,3.489,83.44
2024,29,2024-07-19,0.6599999999999999,3.496,82.98
2024,30,2024-07-26,0.59,3.471,79.26
2024,31,2024-08-02,0.6,3.484,77.11
2024,32,2024-08-09,0.5800000000000001,3.448,76.33
2024,33,2024-08-16,0.62,3.414,79.49
2024,34,2024-08-23,0.5900000000000001,3.382,74.68
2024,35,2024-08-30,0.545,3.313,76.36
2024,36,2024-09-06,0.545,3.289,70.02
2024,37,2024-09-13,0.575,3.236,68.82
2024,38,2024-09-20,0.645,3.18,72.14
2024,39,2024-09-27,0.585,3.185,70.22
2024,40,2024-10-04,0.645,3.179,71.83
2024,41,2024-10-11,0.625,3.136,75.69
2024,42,2024-10-18,0.655,3.171,70.81
2024,43,2024-10-25,0.6499999999999999,3.144,71.59
2024,44,2024-11-01,0.6699999999999999,3.097,68.69
2024,45,2024-11-08,0.665,3.069,71.89
2024,46,2024-11-15,0.585,3.052,68.38
2024,47,2024-11-22,0.6299999999999999,3.046,70.11
2024,48,2024-11-29,0.645,3.044,68.94
2024,49,2024-12-06,0.65,3.034,68.89
2024,50,2024-12-13,0.645,3.008,69.97
2024,51,2024-12-20,0.605,3.016,70.39
2024,52,2024-12-27,0.62,3.024,70.51
2025,1,2025-01-03,0.63,3.006,73.15
2025,2,2025-01-10,0.6366666666666666,3.047,75.14
2025,3,2025-01-17,0.63,3.043,79.28
2025,4,2025-01-24,0.6566666666666666,3.109,75.73
2025,5,2025-01-31,0.6799999999999999,3.103,73.31
2025,6,2025-02-07,0.695,3.082,72.05
2025,7,2025-02-14,0.7366666666666667,3.128,72.17
2025,8,2025-02-21,0.7666666666666666,3.148,72.1
2025,9,2025-02-28,0.7766666666666666,3.125,69.93
2025,10,2025-03-07,0.72,3.078,67.52
2025,11,2025-03-14,0.7066666666666667,3.069,66.95
2025,12,2025-03-21,0.6766666666666666,3.058,67.96
2025,13,2025-03-28,0.7233333333333333,3.115,69.81
2025,14,2025-04-04,0.8133333333333334,3.162,69.09
2025,15,2025-04-11,0.7966666666666667,3.243,61.24
2025,16,2025-04-18,0.7833333333333333,3.168,62.92
2025,17,2025-04-25,0.8275,3.141,63.62
2025,18,2025-05-02,0.8300000000000001,3.133,60.99
2025,19,2025-05-09,0.7366666666666667,3.147,60.39
2025,20,2025-05-16,0.865,3.12,63.94
2025,21,2025-05-23,0.9466666666666667,3.173,63.26
2025,22,2025-05-30,0.825,3.16,61.82
2025,23,2025-06-06,0.8766666666666667,3.127,64.06
2025,24,2025-06-13,0.8600000000000001,3.108,68.63
2025,25,2025-06-20,0.915,3.139,74.94
2025,26,2025-06-27,0.895,3.213,66.78
2025,27,2025-07-04,1.0075,3.164,67.43
2025,28,2025-07-11,1.0250000000000001,3.125,69.15
2025,29,2025-07-18,1.01,3.13,68.07
2025,30,2025-07-25,0.9633333333333334,3.121,67.11
2025,31,2025-08-01,0.9925,3.123,69.58
2025,32,2025-08-08,1.05,3.14,65.75
2025,33,2025-08-15,1.0133333333333334,3.118,64.34
2025,34,2025-08-22,1.0666666666666667,3.125,64.14
2025,35,2025-08-29,1.0433333333333334,3.147,64.52
2025,36,2025-09-05,1.045,3.177,64.09
2025,37,2025-09-12,0.9833333333333334,3.192,63.06
2025,38,2025-09-19,0.92,3.168,63.98
2025,39,2025-09-26,0.9825,3.173,64.83
2025,40,2025-10-03,0.89,3.118,62.59
2025,41,2025-10-10,1.0075,3.124,62.1
2025,42,2025-10-17,0.9975,3.061,58.8
2025,43,2025-10-24,0.995,3.019,60.2
2025,44,2025-10-31,0.9724999999999999,3.035,61.49
2025,45,2025-11-07,1.0150000000000001,3.019,60.87
2025,46,2025-11-14,0.798,3.056,60.16
2025,47,2025-11-21,0.8300000000000001,3.062,60.27
2025,48,2025-11-28,0.975,3.061,58.69
2025,49,2025-12-05,1.01,2.985,59.48
2025,50,2025-12-12,0.9966666666666667,2.94,58.3
2025,51,2025-12-19,1.01,2.895,56.3
2025,52,2025-12-26,0.99,2.841,58.01
2026,1,2026-01-02,1.02,2.811,57.54
2026,2,2026-01-09,1.0550000000000002,2.796,57.56
2026,3,2026-01-16,1.07,2.779,60.12
2026,4,2026-01-23,1.102,2.806,60.16
2026,5,2026-01-30,1.154,2.853,62.9
2026,6,2026-02-06,1.1540000000000001,2.867,63.09
2026,7,2026-02-13,1.208,2.902,63.93
2026,8,2026-02-20,1.21,2.924,65.3
2026,9,2026-02-27,NA,2.937,65.87
2026,10,2026-03-06,NA,3.015,78.37
2026,11,2026-03-13,NA,3.502,91.85
2026,12,2026-03-20,NA,3.72,96.07
2026,13,2026-03-27,NA,3.961,94.29
2026,14,2026-04-03,NA,3.99,105.67
2026,15,2026-04-06,NA,4.12,NA
