Week of,Week of (label),Cellulosic (D3),Biomass-based Diesel (D4),Advanced (D5),Renewable Fuel (D6)
2011-01-03,2011-01-03,NA,0.615,0.69,0.02
2011-01-10,2011-01-10,NA,0.745,0.74,0.02
2011-01-17,2011-01-17,NA,0.775,0.74,0.02
2011-01-24,2011-01-24,NA,0.755,0.78,0.015
2011-01-31,2011-01-31,NA,0.775,0.715,0.02
2011-02-07,2011-02-07,NA,0.92,0.64,0.02
2011-02-14,2011-02-14,NA,0.96,0.6950000000000001,0.02
2011-02-21,2011-02-21,NA,1.125,0.45,0.015
2011-02-28,2011-02-28,NA,0.9550000000000001,0.54,0.015
2011-03-07,2011-03-07,NA,0.9850000000000001,0.47000000000000003,0.025
2011-03-14,2011-03-14,NA,1.02,0.53,0.02
2011-03-21,2011-03-21,NA,0.9500000000000001,0.51,0.08
2011-03-28,2011-03-28,NA,0.8,0.56,0.025
2011-04-04,2011-04-04,NA,1.185,0.515,0.025
2011-04-11,2011-04-11,NA,1.165,0.53,0.025
2011-04-18,2011-04-18,NA,1.275,0.48000000000000004,0.02
2011-04-25,2011-04-25,NA,1.08,0.51,0.025
2011-05-02,2011-05-02,NA,1.1800000000000002,0.64,0.02
2011-05-09,2011-05-09,NA,1.26,0.755,0.02
2011-05-16,2011-05-16,NA,1.2650000000000001,0.7799999999999999,0.015
2011-05-23,2011-05-23,NA,1.205,0.645,0.05
2011-05-30,2011-05-30,NA,1.235,0.505,0.02
2011-06-06,2011-06-06,NA,1.23,0.53,0.02
2011-06-13,2011-06-13,NA,1.2750000000000001,0.5900000000000001,0.02
2011-06-20,2011-06-20,NA,1.27,0.7899999999999999,0.025
2011-06-27,2011-06-27,NA,1.2550000000000001,0.71,0.02
2011-07-04,2011-07-04,NA,1.3,0.54,0.02
2011-07-11,2011-07-11,NA,1.28,0.6599999999999999,0.02
2011-07-18,2011-07-18,NA,1.29,0.8250000000000001,0.025
2011-07-25,2011-07-25,NA,1.3250000000000002,0.73,0.02
2011-08-01,2011-08-01,NA,1.34,0.75,0.02
2011-08-08,2011-08-08,NA,1.37,0.8500000000000001,0.03
2011-08-15,2011-08-15,NA,1.42,1.03,0.025
2011-08-22,2011-08-22,NA,1.51,1.1400000000000001,0.02
2011-08-29,2011-08-29,NA,1.4649999999999999,0.8400000000000001,0.02
2011-09-05,2011-09-05,NA,1.59,0.69,0.02
2011-09-12,2011-09-12,NA,1.725,0.64,0.02
2011-09-19,2011-09-19,NA,1.5,0.9500000000000001,0.025
2011-09-26,2011-09-26,NA,1.62,0.69,0.02
2011-10-03,2011-10-03,NA,1.53,0.97,0.02
2011-10-10,2011-10-10,NA,1.6300000000000001,0.72,0.02
2011-10-17,2011-10-17,NA,1.37,1.11,0.02
2011-10-24,2011-10-24,NA,1.295,0.9500000000000001,0.02
2011-10-31,2011-10-31,NA,1.27,0.75,0.015
2011-11-07,2011-11-07,NA,1.2650000000000001,0.75,0.02
2011-11-14,2011-11-14,NA,1.395,0.7899999999999999,0.01
2011-11-21,2011-11-21,NA,1.44,0.65,0.01
2011-11-28,2011-11-28,NA,1.425,0.8300000000000001,0.01
2011-12-05,2011-12-05,NA,1.37,0.91,0.01
2011-12-12,2011-12-12,NA,1.135,0.96,0.02
2011-12-19,2011-12-19,NA,1.075,0.89,0.03
2011-12-26,2011-12-26,NA,1.26,0.845,0.015
2012-01-02,2012-01-02,NA,1.29,0.64,0.01
2012-01-09,2012-01-09,NA,1.3366666666666667,1.0250000000000001,0.02
2012-01-16,2012-01-16,NA,1.4100000000000001,0.81,0.016666666666666666
2012-01-23,2012-01-23,NA,0.9733333333333334,0.88,0.02
2012-01-30,2012-01-30,NA,1.33,0.915,0.015
2012-02-06,2012-02-06,NA,1.325,0.72,0.015
2012-02-13,2012-02-13,NA,1.4233333333333333,0.71,0.4533333333333333
2012-02-20,2012-02-20,NA,1.375,0.71,0.02
2012-02-27,2012-02-27,NA,1.395,0.725,0.02
2012-03-05,2012-03-05,NA,1.355,0.73,0.015
2012-03-12,2012-03-12,NA,1.35,0.73,0.02
2012-03-19,2012-03-19,NA,1.335,0.755,0.015
2012-03-26,2012-03-26,NA,1.365,0.725,0.015
2012-04-02,2012-04-02,NA,1.325,0.6799999999999999,0.02
2012-04-09,2012-04-09,NA,1.345,0.73,0.015
2012-04-16,2012-04-16,NA,1.325,0.7,0.02
2012-04-23,2012-04-23,NA,1.3399999999999999,0.75,0.015
2012-04-30,2012-04-30,NA,1.315,0.6849999999999999,0.02
2012-05-07,2012-05-07,NA,1.3599999999999999,0.7,0.015
2012-05-14,2012-05-14,NA,1.375,0.775,0.04000000000000001
2012-05-21,2012-05-21,NA,1.3650000000000002,0.785,0.015
2012-05-28,2012-05-28,NA,1.38,0.8,0.025
2012-06-04,2012-06-04,NA,1.315,0.715,0.02
2012-06-11,2012-06-11,NA,0.9450000000000001,0.81,0.02
2012-06-18,2012-06-18,NA,1.2000000000000002,0.8600000000000001,0.02
2012-06-25,2012-06-25,NA,1.275,0.775,0.015
2012-07-02,2012-07-02,NA,1.25,0.75,0.03
2012-07-09,2012-07-09,NA,1.1800000000000002,0.75,0.015
2012-07-16,2012-07-16,NA,1.225,0.75,0.02
2012-07-23,2012-07-23,NA,1.205,0.8300000000000001,0.035
2012-07-30,2012-07-30,NA,1.1400000000000001,0.715,0.055
2012-08-06,2012-08-06,NA,1.08,0.74,0.05500000000000001
2012-08-13,2012-08-13,NA,1.065,0.56,0.025
2012-08-20,2012-08-20,NA,1.04,0.45,0.05
2012-08-27,2012-08-27,NA,1.1,0.7,0.08
2012-09-03,2012-09-03,NA,0.93,0.6799999999999999,0.035
2012-09-10,2012-09-10,NA,1.05,0.48000000000000004,0.16000000000000003
2012-09-17,2012-09-17,NA,1.1150000000000002,0.39,0.025
2012-09-24,2012-09-24,NA,1,0.7,0.03
2012-10-01,2012-10-01,NA,0.855,0.58,0.06
2012-10-08,2012-10-08,NA,0.7949999999999999,0.63,0.02
2012-10-15,2012-10-15,NA,0.715,0.59,0.16499999999999998
2012-10-22,2012-10-22,NA,0.6799999999999999,0.39,0.235
2012-10-29,2012-10-29,NA,0.73,0.62,0.04000000000000001
2012-11-05,2012-11-05,NA,0.515,0.5,0.065
2012-11-12,2012-11-12,NA,0.605,0.61,0.155
2012-11-19,2012-11-19,NA,0.5,0.36000000000000004,0.22500000000000003
2012-11-26,2012-11-26,NA,0.575,0.51,0.08499999999999999
2012-12-03,2012-12-03,NA,0.585,0.52,0.035
2012-12-10,2012-12-10,NA,0.61,0.54,0.05
2012-12-17,2012-12-17,NA,0.53,0.41000000000000003,0.025
2012-12-24,2012-12-24,NA,0.7250000000000001,0.53,0.03
2012-12-31,2012-12-31,NA,0.5,0.53,0.035
2013-01-07,2013-01-07,NA,0.68,0.41500000000000004,0.04
2013-01-14,2013-01-14,NA,0.5066666666666667,0.45000000000000007,0.04666666666666667
2013-01-21,2013-01-21,NA,0.43,0.38,0.11333333333333334
2013-01-28,2013-01-28,NA,0.5266666666666666,0.37333333333333335,0.08666666666666667
2013-02-04,2013-02-04,NA,0.45,0.42500000000000004,0.09000000000000001
2013-02-11,2013-02-11,NA,0.49333333333333335,0.46,0.11666666666666667
2013-02-18,2013-02-18,NA,0.5666666666666667,0.6266666666666667,0.12000000000000001
2013-02-25,2013-02-25,NA,0.48333333333333334,0.38,0.28
2013-03-04,2013-03-04,NA,0.605,0.525,0.43000000000000005
2013-03-11,2013-03-11,NA,0.73,0.645,0.435
2013-03-18,2013-03-18,NA,0.6849999999999999,0.56,0.475
2013-03-25,2013-03-25,NA,0.625,0.61,0.43000000000000005
2013-04-01,2013-04-01,NA,0.6399999999999999,0.47000000000000003,0.495
2013-04-08,2013-04-08,NA,0.755,0.585,0.565
2013-04-15,2013-04-15,NA,0.69,0.63,0.5349999999999999
2013-04-22,2013-04-22,NA,0.6799999999999999,0.69,0.61
2013-04-29,2013-04-29,NA,0.73,0.76,0.455
2013-05-06,2013-05-06,NA,0.805,0.605,0.585
2013-05-13,2013-05-13,NA,0.7549999999999999,0.6,0.61
2013-05-20,2013-05-20,NA,0.8550000000000001,0.96,0.655
2013-05-27,2013-05-27,NA,0.8350000000000001,0.6950000000000001,0.6749999999999999
2013-06-03,2013-06-03,NA,0.915,0.755,0.675
2013-06-10,2013-06-10,NA,0.8,0.96,0.42
2013-06-17,2013-06-17,NA,0.785,0.8500000000000001,0.68
2013-06-24,2013-06-24,NA,0.895,0.7550000000000001,0.65
2013-07-01,2013-07-01,NA,0.92,0.765,0.71
2013-07-08,2013-07-08,NA,1.03,0.71,0.73
2013-07-15,2013-07-15,NA,1.01,0.87,0.93
2013-07-22,2013-07-22,NA,1.045,1.0350000000000001,0.775
2013-07-29,2013-07-29,NA,0.85,1,0.92
2013-08-05,2013-08-05,NA,1,1.1500000000000001,1.0350000000000001
2013-08-12,2013-08-12,NA,0.915,0.72,0.97
2013-08-19,2013-08-19,NA,0.8450000000000001,0.97,0.9950000000000001
2013-08-26,2013-08-26,1.2,1.01,0.8500000000000001,0.885
2013-09-02,2013-09-02,NA,0.8200000000000001,0.8600000000000001,0.71
2013-09-09,2013-09-09,NA,0.91,0.915,0.8
2013-09-16,2013-09-16,NA,0.765,0.815,0.79
2013-09-23,2013-09-23,NA,0.835,0.94,0.6950000000000001
2013-09-30,2013-09-30,NA,0.7150000000000001,0.8700000000000001,0.78
2013-10-07,2013-10-07,NA,0.81,0.8400000000000001,0.475
2013-10-14,2013-10-14,NA,0.8200000000000001,0.6699999999999999,0.7000000000000001
2013-10-21,2013-10-21,NA,0.675,0.72,0.6499999999999999
2013-10-28,2013-10-28,NA,0.81,0.675,0.6399999999999999
2013-11-04,2013-11-04,NA,0.525,0.55,0.25
2013-11-11,2013-11-11,NA,0.5449999999999999,0.5449999999999999,0.8500000000000001
2013-11-18,2013-11-18,NA,0.51,0.55,0.275
2013-11-25,2013-11-25,NA,0.475,0.41500000000000004,0.785
2013-12-02,2013-12-02,NA,0.59,0.4,0.45
2013-12-09,2013-12-09,NA,0.505,0.425,0.365
2013-12-16,2013-12-16,NA,0.45,0.63,0.565
2013-12-23,2013-12-23,NA,0.45999999999999996,0.62,0.405
2013-12-30,2013-12-30,NA,0.5575,0.565,0.585
2014-01-06,2014-01-06,NA,0.44,0.29000000000000004,0.2833333333333333
2014-01-13,2014-01-13,NA,0.5266666666666666,0.33999999999999997,0.2866666666666667
2014-01-20,2014-01-20,NA,0.36333333333333334,0.315,0.32666666666666666
2014-01-27,2014-01-27,NA,0.5966666666666667,0.39999999999999997,0.3466666666666667
2014-02-03,2014-02-03,NA,0.42333333333333334,0.38,0.39666666666666667
2014-02-10,2014-02-10,NA,0.515,1.03,0.43333333333333335
2014-02-17,2014-02-17,NA,0.475,0.5900000000000001,0.47333333333333333
2014-02-24,2014-02-24,NA,0.5666666666666667,0.575,0.4366666666666667
2014-03-03,2014-03-03,NA,0.5733333333333334,0.56,0.505
2014-03-10,2014-03-10,NA,0.53,NA,0.42000000000000004
2014-03-17,2014-03-17,NA,0.585,0.55,0.44
2014-03-24,2014-03-24,NA,0.5233333333333333,NA,0.39
2014-03-31,2014-03-31,NA,0.51,NA,0.44333333333333336
2014-04-07,2014-04-07,NA,0.5766666666666667,0.49,0.48000000000000004
2014-04-14,2014-04-14,NA,0.4666666666666667,0.49,0.4766666666666667
2014-04-21,2014-04-21,NA,0.5233333333333333,0.46,0.43500000000000005
2014-04-28,2014-04-28,0.7,0.5266666666666666,0.465,0.4466666666666667
2014-05-05,2014-05-05,NA,0.46,0.41000000000000003,0.38666666666666666
2014-05-12,2014-05-12,NA,0.6333333333333333,0.485,0.4633333333333333
2014-05-19,2014-05-19,NA,0.535,0.4733333333333334,0.47000000000000003
2014-05-26,2014-05-26,NA,0.51,0.525,0.26666666666666666
2014-06-02,2014-06-02,NA,0.5,0.48333333333333334,0.4366666666666667
2014-06-09,2014-06-09,NA,0.6766666666666666,0.36,0.49
2014-06-16,2014-06-16,NA,0.5066666666666667,0.53,0.54
2014-06-23,2014-06-23,NA,0.4633333333333333,0.515,0.45000000000000007
2014-06-30,2014-06-30,NA,0.55,0.575,0.475
2014-07-07,2014-07-07,NA,0.7833333333333333,0.32,0.455
2014-07-14,2014-07-14,NA,0.535,0.37,0.485
2014-07-21,2014-07-21,NA,0.54,0.495,0.51
2014-07-28,2014-07-28,NA,0.525,0.56,0.505
2014-08-04,2014-08-04,NA,0.5366666666666667,0.495,0.4666666666666667
2014-08-11,2014-08-11,0.52,0.535,0.37,0.5
2014-08-18,2014-08-18,NA,0.525,0.49,0.32
2014-08-25,2014-08-25,0.9500000000000001,0.53,0.55,0.5066666666666667
2014-09-01,2014-09-01,NA,0.52,0.47000000000000003,0.505
2014-09-08,2014-09-08,NA,0.525,0.55,0.485
2014-09-15,2014-09-15,NA,0.53,0.48000000000000004,0.495
2014-09-22,2014-09-22,NA,0.545,0.53,0.44500000000000006
2014-09-29,2014-09-29,0.91,0.5466666666666666,0.54,0.4733333333333334
2014-10-06,2014-10-06,0.53,0.48000000000000004,0.44000000000000006,0.45333333333333337
2014-10-13,2014-10-13,NA,0.5,0.37,0.47000000000000003
2014-10-20,2014-10-20,0.75,0.9033333333333333,0.6366666666666667,0.48333333333333334
2014-10-27,2014-10-27,0.93,0.51,0.475,0.41500000000000004
2014-11-03,2014-11-03,NA,0.49,0.37,0.29000000000000004
2014-11-10,2014-11-10,NA,0.485,0.52,0.44000000000000006
2014-11-17,2014-11-17,NA,0.52,0.48000000000000004,0.465
2014-11-24,2014-11-24,0.8200000000000001,0.525,0.48000000000000004,0.485
2014-12-01,2014-12-01,0.8400000000000001,0.5133333333333334,0.525,0.375
2014-12-08,2014-12-08,0.56,0.51,0.58,0.4066666666666667
2014-12-15,2014-12-15,NA,0.46,0.5,0.54
2014-12-22,2014-12-22,0.8400000000000001,0.575,0.645,0.565
2014-12-29,2014-12-29,NA,0.638,0.5599999999999999,0.5166666666666667
2015-01-05,2015-01-05,0.63,0.6666666666666666,0.4,0.52
2015-01-12,2015-01-12,NA,0.7333333333333334,0.575,0.73
2015-01-19,2015-01-19,NA,0.7220000000000001,0.65,0.6866666666666666
2015-01-26,2015-01-26,0.64,0.764,0.6275,0.64
2015-02-02,2015-02-02,NA,0.738,0.72,0.6166666666666667
2015-02-09,2015-02-09,NA,0.738,NA,0.6033333333333333
2015-02-16,2015-02-16,0.75,0.782,0.4,0.69
2015-02-23,2015-02-23,0.8,0.752,0.75,0.7233333333333333
2015-03-02,2015-03-02,0.6033333333333333,0.7275,0.72,0.6799999999999999
2015-03-09,2015-03-09,0.735,0.77,0.77,0.6866666666666666
2015-03-16,2015-03-16,NA,0.69,0.8300000000000001,0.6733333333333333
2015-03-23,2015-03-23,0.91,0.768,0.8,0.6766666666666666
2015-03-30,2015-03-30,0.745,0.7525,0.825,0.6866666666666666
2015-04-06,2015-04-06,0.77,0.736,NA,0.6775
2015-04-13,2015-04-13,0.6699999999999999,0.7675000000000001,0.8,0.6675
2015-04-20,2015-04-20,0.86,0.84,0.75,0.645
2015-04-27,2015-04-27,NA,0.746,NA,0.6966666666666667
2015-05-04,2015-05-04,NA,0.792,0.7666666666666667,0.72
2015-05-11,2015-05-11,0.8,0.8300000000000001,0.76,0.72
2015-05-18,2015-05-18,0.93,0.8133333333333334,0.8400000000000001,0.69
2015-05-25,2015-05-25,1.135,0.814,0.8049999999999999,0.71
2015-06-01,2015-06-01,1.06,0.8566666666666667,0.56,0.5733333333333334
2015-06-08,2015-06-08,1.085,0.792,0.38,0.52
2015-06-15,2015-06-15,0.91,0.8440000000000001,0.79,0.56
2015-06-22,2015-06-22,0.9866666666666667,0.7200000000000001,0.7066666666666667,0.595
2015-06-29,2015-06-29,0.99,0.798,0.7933333333333333,0.6174999999999999
2015-07-06,2015-07-06,0.995,0.762,0.645,0.52
2015-07-13,2015-07-13,0.8300000000000001,0.748,0.7266666666666667,0.56
2015-07-20,2015-07-20,1.0133333333333334,0.81,NA,0.515
2015-07-27,2015-07-27,1.175,0.69,0.57,0.49
2015-08-03,2015-08-03,1.02,0.7766666666666667,0.77,0.4366666666666667
2015-08-10,2015-08-10,1.09,0.755,0.43000000000000005,0.53
2015-08-17,2015-08-17,0.91,0.67,0.41000000000000003,0.5650000000000001
2015-08-24,2015-08-24,0.8,0.665,0.51,0.4825
2015-08-31,2015-08-31,0.98,0.6625,0.52,0.43333333333333335
2015-09-07,2015-09-07,0.9400000000000001,0.6325000000000001,0.39,0.455
2015-09-14,2015-09-14,0.9400000000000001,0.625,0.44500000000000006,0.4975
2015-09-21,2015-09-21,0.885,0.578,0.75,0.5233333333333333
2015-09-28,2015-09-28,0.8200000000000001,0.62,0.6225,0.415
2015-10-05,2015-10-05,0.8400000000000001,0.5375000000000001,0.62,0.4666666666666667
2015-10-12,2015-10-12,0.8350000000000001,0.69,0.47000000000000003,0.47
2015-10-19,2015-10-19,0.64,0.5733333333333334,NA,0.5033333333333333
2015-10-26,2015-10-26,0.8400000000000001,0.6616666666666666,0.49,0.44999999999999996
2015-11-02,2015-11-02,NA,0.5225000000000001,0.405,0.42000000000000004
2015-11-09,2015-11-09,0.8333333333333334,0.5800000000000001,0.41000000000000003,0.44000000000000006
2015-11-16,2015-11-16,0.9566666666666667,0.5549999999999999,0.51,0.5425
2015-11-23,2015-11-23,1.155,0.62,0.8500000000000001,0.5075
2015-11-30,2015-11-30,0.895,0.676,0.5900000000000001,0.5575
2015-12-07,2015-12-07,1.0050000000000001,0.708,0.5633333333333334,0.6566666666666666
2015-12-14,2015-12-14,0.98,0.725,0.6849999999999999,0.59
2015-12-21,2015-12-21,1,0.71,0.7899999999999999,0.59
2015-12-28,2015-12-28,0.9966666666666667,0.7024999999999999,0.65,0.5233333333333333
2016-01-04,2016-01-04,0.92,0.74,0.75,0.695
2016-01-11,2016-01-11,1.1733333333333333,0.728,0.5866666666666667,0.6499999999999999
2016-01-18,2016-01-18,1.0333333333333334,0.7,0.6799999999999999,0.5733333333333333
2016-01-25,2016-01-25,1.1333333333333333,0.7028571428571428,0.6566666666666666,0.444
2016-02-01,2016-02-01,1.565,0.738,0.62,0.6819999999999999
2016-02-08,2016-02-08,1.51,0.715,0.6266666666666666,0.6559999999999999
2016-02-15,2016-02-15,1.375,0.724,0.7,0.6933333333333332
2016-02-22,2016-02-22,1.295,0.7371428571428571,0.7266666666666667,0.6375
2016-02-29,2016-02-29,1.75,0.7457142857142857,0.71,0.6749999999999999
2016-03-07,2016-03-07,1.4533333333333334,0.746,0.72,0.522
2016-03-14,2016-03-14,1.1533333333333333,0.758,0.77,0.6579999999999999
2016-03-21,2016-03-21,1.78,0.774,0.7799999999999999,0.722
2016-03-28,2016-03-28,1.4180000000000001,0.75,0.77,0.635
2016-04-04,2016-04-04,1.81,0.786,0.72,0.644
2016-04-11,2016-04-11,1.6,0.7533333333333333,0.73,0.6124999999999999
2016-04-18,2016-04-18,1.5733333333333335,0.788,0.8,0.7
2016-04-25,2016-04-25,1.5025,0.8183333333333334,0.775,0.725
2016-05-02,2016-05-02,1.58,0.8140000000000001,0.72,0.7333333333333333
2016-05-09,2016-05-09,1.455,0.8033333333333333,0.7799999999999999,0.725
2016-05-16,2016-05-16,1.4875,0.805,0.74,0.67
2016-05-23,2016-05-23,1.3375,0.8075,0.7666666666666666,0.7066666666666667
2016-05-30,2016-05-30,1.83,0.8160000000000001,0.7566666666666666,0.73
2016-06-06,2016-06-06,1.495,0.808,0.7,0.745
2016-06-13,2016-06-13,1.1566666666666667,0.8500000000000001,NA,0.74
2016-06-20,2016-06-20,1.455,0.7866666666666666,0.8066666666666668,0.61
2016-06-27,2016-06-27,1.425,0.8333333333333334,0.8175,0.6883333333333334
2016-07-04,2016-07-04,1.485,0.8033333333333335,0.9400000000000001,0.7975
2016-07-11,2016-07-11,1.495,0.9257142857142857,0.9,0.806
2016-07-18,2016-07-18,1.4260000000000002,0.9,NA,0.868
2016-07-25,2016-07-25,1.56,0.9550000000000001,1.02,0.8200000000000001
2016-08-01,2016-08-01,2.09,0.9733333333333334,0.9500000000000001,0.8266666666666668
2016-08-08,2016-08-08,1.9,0.9533333333333334,0.95,0.8700000000000001
2016-08-15,2016-08-15,1.62,0.93,0.9,0.5800000000000001
2016-08-22,2016-08-22,1.635,0.9425,1.07,0.8075000000000001
2016-08-29,2016-08-29,1.61,0.9375,0.91,0.8033333333333333
2016-09-05,2016-09-05,1.93,0.8925000000000001,0.8700000000000001,0.7766666666666666
2016-09-12,2016-09-12,1.47,0.8733333333333334,0.99,0.8300000000000001
2016-09-19,2016-09-19,1.795,0.898,0.9,0.7366666666666667
2016-09-26,2016-09-26,1.568,0.89,0.885,0.7725
2016-10-03,2016-10-03,1.92,0.9025000000000001,0.94,0.7833333333333333
2016-10-10,2016-10-10,2.1,0.9725,0.88,0.75
2016-10-17,2016-10-17,1.55,0.9525,1.05,0.874
2016-10-24,2016-10-24,1.63,0.9875,1.08,0.6880000000000001
2016-10-31,2016-10-31,2.2199999999999998,0.972,0.99,0.8225
2016-11-07,2016-11-07,1.97,0.932,0.925,0.81
2016-11-14,2016-11-14,1.4766666666666666,0.9550000000000001,0.97,0.8525
2016-11-21,2016-11-21,1.665,1.026,NA,0.8625
2016-11-28,2016-11-28,1.8266666666666667,0.9975,0.99,0.896
2016-12-05,2016-12-05,2.05,0.9533333333333334,1.005,0.9325000000000001
2016-12-12,2016-12-12,2.04,0.965,0.8,0.9
2016-12-19,2016-12-19,2.3449999999999998,1.0225,0.9,0.8566666666666667
2016-12-26,2016-12-26,2.3200000000000003,1.0050000000000001,0.855,0.8525
2017-01-02,2017-01-02,2.135,1.0666666666666667,0.98,0.8125
2017-01-09,2017-01-09,2.2649999999999997,1.07,0.92,0.818
2017-01-16,2017-01-16,1.8,1.054,1,0.8175
2017-01-23,2017-01-23,2.245,0.9466666666666667,NA,0.8025
2017-01-30,2017-01-30,2.3099999999999996,0.9766666666666667,NA,0.772
2017-02-06,2017-02-06,2.27,0.9675,0.9166666666666667,0.7
2017-02-13,2017-02-13,2.51,0.96,NA,0.5875
2017-02-20,2017-02-20,1.7866666666666666,0.9775,0.8600000000000001,0.55
2017-02-27,2017-02-27,2.3024999999999998,0.9540000000000001,0.89,0.5475
2017-03-06,2017-03-06,2.375,0.8783333333333334,0.8200000000000001,0.516
2017-03-13,2017-03-13,1.8775,0.8733333333333333,0.745,0.532
2017-03-20,2017-03-20,2.015,0.9500000000000001,0.8666666666666667,0.5783333333333334
2017-03-27,2017-03-27,2.184,0.9550000000000001,0.88,0.604
2017-04-03,2017-04-03,2.4,0.99,0.97,0.5475
2017-04-10,2017-04-10,2.4749999999999996,0.96,NA,0.565
2017-04-17,2017-04-17,2.46,0.9175,0.89,0.5
2017-04-24,2017-04-24,2.235,0.9975,0.92,0.4375
2017-05-01,2017-05-01,2.405,0.9400000000000001,0.905,0.675
2017-05-08,2017-05-08,2.44,0.9675,1.01,0.55
2017-05-15,2017-05-15,2.3,0.9550000000000001,0.93,0.5966666666666667
2017-05-22,2017-05-22,2.52,0.9625,NA,0.5066666666666667
2017-05-29,2017-05-29,2.48,0.9875,0.99,0.59
2017-06-05,2017-06-05,2.4699999999999998,0.98,0.88,0.58
2017-06-12,2017-06-12,2.5949999999999998,0.9650000000000001,0.775,0.5566666666666666
2017-06-19,2017-06-19,2.4499999999999997,0.9825,1,0.5833333333333334
2017-06-26,2017-06-26,2.4066666666666667,1,0.96,0.6833333333333333
2017-07-03,2017-07-03,2.585,1.0350000000000001,1.01,0.71
2017-07-10,2017-07-10,2.52,1.0325,0.93,0.665
2017-07-17,2017-07-17,2.3449999999999998,1.0325,1.01,0.6533333333333333
2017-07-24,2017-07-24,2.67,1.0750000000000002,0.99,0.6625
2017-07-31,2017-07-31,2.77,1.0075,1.07,0.7366666666666667
2017-08-07,2017-08-07,2.685,1.0275,0.88,0.7866666666666666
2017-08-14,2017-08-14,2.66,1.0575,1.06,0.7033333333333333
2017-08-21,2017-08-21,2.6550000000000002,1.0350000000000001,1.09,0.8275
2017-08-28,2017-08-28,2.83,1.09,0.915,0.8533333333333333
2017-09-04,2017-09-04,2.925,0.9700000000000001,NA,0.835
2017-09-11,2017-09-11,2.4633333333333334,1.0325,0.7899999999999999,0.835
2017-09-18,2017-09-18,2.7699999999999996,1.0525,0.9700000000000001,0.7749999999999999
2017-09-25,2017-09-25,2.585,1.045,0.975,0.8
2017-10-02,2017-10-02,2.82,0.9925,1.01,0.785
2017-10-09,2017-10-09,2.84,0.9933333333333334,0.93,0.7633333333333334
2017-10-16,2017-10-16,2.54,1.0150000000000001,0.96,0.7733333333333333
2017-10-23,2017-10-23,2.7466666666666666,1.0375,1.03,0.8200000000000001
2017-10-30,2017-10-30,2.7649999999999997,1.05,0.93,0.7350000000000001
2017-11-06,2017-11-06,2.84,1.01,NA,0.9100000000000001
2017-11-13,2017-11-13,2.77,1,0.96,1.1300000000000001
2017-11-20,2017-11-20,2.61,0.9825,NA,0.9033333333333334
2017-11-27,2017-11-27,2.7600000000000002,0.98,0.96,0.8800000000000001
2017-12-04,2017-12-04,2.7249999999999996,0.9775,NA,0.8525
2017-12-11,2017-12-11,2.9099999999999997,0.9850000000000001,0.8800000000000001,0.8566666666666667
2017-12-18,2017-12-18,2.61,0.9475,0.875,0.7875000000000001
2017-12-25,2017-12-25,2.7066666666666666,0.99,0.88,0.815
2018-01-01,2018-01-01,2.75,0.8675,0.7949999999999999,0.48666666666666664
2018-01-08,2018-01-08,2.755,0.8260000000000001,0.905,0.9
2018-01-15,2018-01-15,2.7666666666666666,0.8380000000000001,0.81,0.712
2018-01-22,2018-01-22,2.69,0.8119999999999999,0.74,0.71
2018-01-29,2018-01-29,2.68,0.8133333333333334,0.7333333333333333,0.786
2018-02-05,2018-02-05,2.615,0.795,0.74,0.6924999999999999
2018-02-12,2018-02-12,2.5566666666666666,0.808,0.7000000000000001,0.6733333333333333
2018-02-19,2018-02-19,2.38,0.8533333333333334,0.81,0.6599999999999999
2018-02-26,2018-02-26,2.4575,0.8250000000000001,0.8049999999999999,0.6499999999999999
2018-03-05,2018-03-05,2.4524999999999997,0.7533333333333334,NA,0.84
2018-03-12,2018-03-12,2.5933333333333333,0.7533333333333333,0.6799999999999999,0.51
2018-03-19,2018-03-19,2.3366666666666664,0.7666666666666667,NA,0.5725
2018-03-26,2018-03-26,2.2039999999999997,0.6616666666666667,0.72,0.5625
2018-04-02,2018-04-02,2.5,0.75,0.745,0.5533333333333333
2018-04-09,2018-04-09,2.505,0.725,NA,0.3925
2018-04-16,2018-04-16,2.38,0.65,0.6,0.46499999999999997
2018-04-23,2018-04-23,2.473333333333333,0.6675,0.58,0.3933333333333333
2018-04-30,2018-04-30,2.505,0.7324999999999999,0.53,0.3575
2018-05-07,2018-05-07,2.5,0.5575,NA,0.36666666666666664
2018-05-14,2018-05-14,2.35,0.61,NA,0.38333333333333336
2018-05-21,2018-05-21,2.3566666666666665,0.5599999999999999,0.42,0.39
2018-05-28,2018-05-28,2.505,0.515,0.45,0.3225
2018-06-04,2018-06-04,2.3449999999999998,0.72,NA,0.375
2018-06-11,2018-06-11,2.3233333333333333,0.57,0.48000000000000004,0.3166666666666667
2018-06-18,2018-06-18,2.3949999999999996,0.5549999999999999,NA,0.34
2018-06-25,2018-06-25,2.375,0.5625,0.42000000000000004,0.37
2018-07-02,2018-07-02,2.3200000000000003,0.5125,NA,0.30333333333333334
2018-07-09,2018-07-09,2.32,0.49000000000000005,NA,0.295
2018-07-16,2018-07-16,2.05,0.4575,NA,0.275
2018-07-23,2018-07-23,2.335,0.49,NA,0.25333333333333335
2018-07-30,2018-07-30,2.3699999999999997,0.3925,0.36,0.26
2018-08-06,2018-08-06,2.205,0.445,0.37,0.23000000000000004
2018-08-13,2018-08-13,2.1766666666666667,0.395,NA,0.26
2018-08-20,2018-08-20,2.0100000000000002,0.4275,NA,0.20666666666666667
2018-08-27,2018-08-27,2.183333333333333,0.40499999999999997,0.29,0.22333333333333336
2018-09-03,2018-09-03,2.215,0.3825,NA,0.21000000000000002
2018-09-10,2018-09-10,2.1799999999999997,0.35750000000000004,0.35000000000000003,0.21500000000000002
2018-09-17,2018-09-17,2.17,0.4,NA,0.23
2018-09-24,2018-09-24,2.2,0.4225,0.32666666666666666,0.225
2018-10-01,2018-10-01,2.61,0.3825,0.2,0.23
2018-10-08,2018-10-08,2.0949999999999998,0.34,0.305,0.23500000000000001
2018-10-15,2018-10-15,2.163333333333333,0.3625,NA,0.19
2018-10-22,2018-10-22,2.035,0.39,0.32,0.17
2018-10-29,2018-10-29,2.24,0.3275,0.28,0.185
2018-11-05,2018-11-05,2.09,0.31,0.345,0.115
2018-11-12,2018-11-12,2,0.33,NA,0.20500000000000002
2018-11-19,2018-11-19,2.18,0.37,NA,0.21666666666666667
2018-11-26,2018-11-26,2.415,0.38333333333333336,0.44,0.11500000000000002
2018-12-03,2018-12-03,2.02,0.35750000000000004,0.44,0.135
2018-12-10,2018-12-10,2.02,0.41250000000000003,0.535,0.16333333333333333
2018-12-17,2018-12-17,2.205,0.405,0.44500000000000006,0.22
2018-12-24,2018-12-24,2.05,0.43000000000000005,0.44333333333333336,0.21333333333333335
2018-12-31,2018-12-31,2.215,0.42000000000000004,0.41500000000000004,0.11714285714285715
2019-01-07,2019-01-07,1.94,0.46799999999999997,NA,0.1225
2019-01-14,2019-01-14,1.9866666666666668,0.5916666666666667,0.35,0.1975
2019-01-21,2019-01-21,2.06,0.48333333333333334,0.5,0.1675
2019-01-28,2019-01-28,1.97,0.48,0.46,0.13
2019-02-04,2019-02-04,1.87,0.4366666666666667,0.41000000000000003,0.17333333333333334
2019-02-11,2019-02-11,1.83,0.46,0.43,0.1775
2019-02-18,2019-02-18,1.7833333333333334,0.552,NA,0.21000000000000002
2019-02-25,2019-02-25,1.74,0.4783333333333334,0.5066666666666667,0.192
2019-03-04,2019-03-04,1.69,0.45833333333333337,0.44000000000000006,0.386
2019-03-11,2019-03-11,1.7533333333333334,0.425,0.465,0.162
2019-03-18,2019-03-18,1.54,0.3983333333333334,0.26,0.1075
2019-03-25,2019-03-25,1.7925,0.38,0.325,0.1275
2019-04-01,2019-04-01,1.645,0.4075,0.47000000000000003,0.13666666666666666
2019-04-08,2019-04-08,1.6,0.3775,0.33499999999999996,0.15
2019-04-15,2019-04-15,1.76,0.395,0.355,0.15333333333333332
2019-04-22,2019-04-22,1.695,0.3775,0.33999999999999997,0.14500000000000002
2019-04-29,2019-04-29,1.71,0.3925,0.31499999999999995,0.135
2019-05-06,2019-05-06,1.395,0.4,0.48000000000000004,0.14500000000000002
2019-05-13,2019-05-13,1.6700000000000002,0.40750000000000003,0.35000000000000003,0.16000000000000003
2019-05-20,2019-05-20,1.57,0.355,0.32,0.14
2019-05-27,2019-05-27,1.32,0.41750000000000004,0.31999999999999995,0.12000000000000001
2019-06-03,2019-06-03,1.46,0.38,0.365,0.16333333333333333
2019-06-10,2019-06-10,1.425,0.4175,0.54,0.15000000000000002
2019-06-17,2019-06-17,1.3800000000000001,0.4,0.45,0.14500000000000002
2019-06-24,2019-06-24,0.935,0.42000000000000004,0.43500000000000005,0.17333333333333334
2019-07-01,2019-07-01,1.1300000000000001,0.4033333333333334,NA,0.13333333333333333
2019-07-08,2019-07-08,0.99,0.48000000000000004,0.35,0.195
2019-07-15,2019-07-15,1.08,0.39,0.41000000000000003,0.165
2019-07-22,2019-07-22,1.34,0.385,0.42000000000000004,0.21333333333333335
2019-07-29,2019-07-29,1.49,0.5066666666666667,0.375,0.185
2019-08-05,2019-08-05,0.61,0.4866666666666667,0.47000000000000003,0.195
2019-08-12,2019-08-12,0.745,0.39,0.4,0.135
2019-08-19,2019-08-19,1.1600000000000001,0.39,0.355,0.15
2019-08-26,2019-08-26,0.64,0.3725,0.385,0.14
2019-09-02,2019-09-02,0.6799999999999999,0.47000000000000003,NA,0.15500000000000003
2019-09-09,2019-09-09,0.59,0.415,0.465,0.13
2019-09-16,2019-09-16,0.665,0.4366666666666667,0.44,0.16666666666666669
2019-09-23,2019-09-23,0.9500000000000001,0.4175,0.47,0.11666666666666667
2019-09-30,2019-09-30,1.07,0.4025,0.36,0.16
2019-10-07,2019-10-07,0.655,0.4675,0.43000000000000005,0.15000000000000002
2019-10-14,2019-10-14,0.76,0.49,0.42500000000000004,0.14
2019-10-21,2019-10-21,0.75,0.465,0.45,0.15666666666666668
2019-10-28,2019-10-28,0.96,0.455,0.4766666666666667,0.14
2019-11-04,2019-11-04,0.87,0.5233333333333333,0.505,0.14500000000000002
2019-11-11,2019-11-11,0.6799999999999999,0.5575,NA,0.12333333333333334
2019-11-18,2019-11-18,1.355,0.5325,0.61,0.14
2019-11-25,2019-11-25,1.04,0.535,0.5349999999999999,0.11000000000000001
2019-12-02,2019-12-02,0.76,0.48000000000000004,0.49000000000000005,0.115
2019-12-09,2019-12-09,1.025,0.4525,0.48500000000000004,0.125
2019-12-16,2019-12-16,1.0133333333333334,0.5275000000000001,0.53,0.11500000000000002
2019-12-23,2019-12-23,1.085,0.47750000000000004,0.525,0.11500000000000002
2019-12-30,2019-12-30,0.9500000000000001,0.49125,0.42000000000000004,0.13
2020-01-06,2020-01-06,0.8,0.42833333333333334,0.4375,0.1275
2020-01-13,2020-01-13,0.7433333333333333,0.4266666666666667,0.45,0.14
2020-01-20,2020-01-20,0.8800000000000001,0.44000000000000006,0.39,0.12000000000000001
2020-01-27,2020-01-27,0.8975,0.5766666666666667,0.40750000000000003,0.1275
2020-02-03,2020-02-03,1.3475000000000001,0.4966666666666667,0.46,0.15000000000000002
2020-02-10,2020-02-10,1.2166666666666668,0.46,0.45,0.16666666666666666
2020-02-17,2020-02-17,1.105,0.48400000000000004,0.49500000000000005,0.1925
2020-02-24,2020-02-24,1.1733333333333333,0.5366666666666666,0.5,0.1925
2020-03-02,2020-03-02,1.3800000000000001,0.512,0.5125,0.28600000000000003
2020-03-09,2020-03-09,1.5325,0.5116666666666667,0.5366666666666667,0.2825
2020-03-16,2020-03-16,1.34,0.49,0.46,0.22
2020-03-23,2020-03-23,1.27,0.515,0.482,0.20833333333333334
2020-03-30,2020-03-30,1.245,0.554,0.4633333333333334,0.2416666666666667
2020-04-06,2020-04-06,1.17,0.49250000000000005,NA,0.24666666666666667
2020-04-13,2020-04-13,1.1,0.525,0.53,0.23750000000000002
2020-04-20,2020-04-20,1.19,0.5025,0.44666666666666666,0.26
2020-04-27,2020-04-27,1.22,0.4975,0.51,0.26666666666666666
2020-05-04,2020-05-04,1.125,0.51,0.515,0.32
2020-05-11,2020-05-11,1.1500000000000001,0.5425,0.515,0.31999999999999995
2020-05-18,2020-05-18,1.28,0.53,0.49,0.32999999999999996
2020-05-25,2020-05-25,1.0766666666666667,0.51,0.525,0.32999999999999996
2020-06-01,2020-06-01,1.25,0.4866666666666667,NA,0.355
2020-06-08,2020-06-08,1.4500000000000002,0.5466666666666666,0.525,0.35
2020-06-15,2020-06-15,1.3933333333333333,0.5025000000000001,0.5066666666666667,0.365
2020-06-22,2020-06-22,1.215,0.525,0.575,0.32
2020-06-29,2020-06-29,1.5033333333333334,0.48750000000000004,0.4,0.3933333333333333
2020-07-06,2020-07-06,1.435,0.5425,0.525,0.33999999999999997
2020-07-13,2020-07-13,1.4700000000000002,0.4825,0.5800000000000001,0.3775
2020-07-20,2020-07-20,1.4,0.5333333333333333,0.5833333333333334,0.4266666666666667
2020-07-27,2020-07-27,1.4666666666666666,0.575,NA,0.44333333333333336
2020-08-03,2020-08-03,1.1466666666666667,0.58,0.65,0.42000000000000004
2020-08-10,2020-08-10,1.57,0.5833333333333334,0.555,0.38
2020-08-17,2020-08-17,1.4,0.5750000000000001,0.6,0.41000000000000003
2020-08-24,2020-08-24,1.43,0.55,0.61,0.3666666666666667
2020-08-31,2020-08-31,1.2666666666666666,0.5975,0.59,0.4033333333333333
2020-09-07,2020-09-07,1.21,0.56,0.67,0.365
2020-09-14,2020-09-14,1.495,0.6433333333333333,0.555,0.42000000000000004
2020-09-21,2020-09-21,1.5133333333333334,0.635,0.645,0.4266666666666667
2020-09-28,2020-09-28,1.275,0.49750000000000005,0.675,0.385
2020-10-05,2020-10-05,1.6150000000000002,0.605,0.69,0.35333333333333333
2020-10-12,2020-10-12,1.56,0.6599999999999999,0.75,0.4633333333333334
2020-10-19,2020-10-19,1.54,0.705,0.6,0.46
2020-10-26,2020-10-26,1.5966666666666667,0.705,0.8200000000000001,0.49000000000000005
2020-11-02,2020-11-02,1.57,0.6525,0.8150000000000001,0.41000000000000003
2020-11-09,2020-11-09,1.38,0.735,0.75,0.5066666666666666
2020-11-16,2020-11-16,1.56,0.625,0.765,0.505
2020-11-23,2020-11-23,1.6400000000000001,0.68,0.9,0.595
2020-11-30,2020-11-30,1.615,0.74,0.8700000000000001,0.5133333333333334
2020-12-07,2020-12-07,1.62,0.7566666666666667,0.91,0.5766666666666667
2020-12-14,2020-12-14,1.5925,0.8575,0.815,0.63
2020-12-21,2020-12-21,1.5966666666666667,0.66,0.755,0.52
2020-12-28,2020-12-28,1.5474999999999999,0.7625,0.89,0.56
2021-01-04,2021-01-04,1.92,0.88,0.8733333333333333,0.65
2021-01-11,2021-01-11,1.92,0.924,0.9766666666666667,0.6775
2021-01-18,2021-01-18,2.04,0.884,0.99,0.77
2021-01-25,2021-01-25,1.8933333333333333,0.996,1.0675000000000001,0.756
2021-02-01,2021-02-01,2.41,0.93,1.1233333333333335,0.74
2021-02-08,2021-02-08,2.3766666666666665,0.96,1.0350000000000001,0.8033333333333333
2021-02-15,2021-02-15,2.455,0.9680000000000001,1.125,0.6175
2021-02-22,2021-02-22,2.4259999999999997,0.9983333333333333,1.0866666666666667,0.8666666666666667
2021-03-01,2021-03-01,2.3633333333333333,1.092,1.21,0.978
2021-03-08,2021-03-08,2.5075,1.1520000000000001,1.245,0.9625
2021-03-15,2021-03-15,2.6375,1.0016666666666667,1.3825,0.935
2021-03-22,2021-03-22,2.7533333333333334,1.185,1.44,1.1433333333333333
2021-03-29,2021-03-29,2.7325,1.1820000000000002,1.2000000000000002,1.206
2021-04-05,2021-04-05,2.4450000000000003,1.0750000000000002,1.395,1.0533333333333335
2021-04-12,2021-04-12,2.8049999999999997,1.2125,1.26,1.125
2021-04-19,2021-04-19,2.6550000000000002,1.3325,1.4266666666666667,1.215
2021-04-26,2021-04-26,2.8200000000000003,1.27,1.3800000000000001,1.25
2021-05-03,2021-05-03,2.28,1.4425000000000001,1.4933333333333334,1.28
2021-05-10,2021-05-10,3.0433333333333334,1.3166666666666669,1.45,1.2850000000000001
2021-05-17,2021-05-17,2.1633333333333336,1.715,1.875,1.49
2021-05-24,2021-05-24,2.4299999999999997,1.28,1.5,1.6466666666666667
2021-05-31,2021-05-31,2.433333333333333,1.5725,1.91,1.35
2021-06-07,2021-06-07,2.683333333333333,1.31,1.995,1.44
2021-06-14,2021-06-14,2.8699999999999997,1.205,1.6533333333333333,1.545
2021-06-21,2021-06-21,2.76,1.675,1.71,1.5150000000000001
2021-06-28,2021-06-28,3.0425,1.246,2.04,1.37
2021-07-05,2021-07-05,2.8499999999999996,1.3125,1.5550000000000002,1.635
2021-07-12,2021-07-12,3.0533333333333332,1.6233333333333333,1.6400000000000001,1.4766666666666668
2021-07-19,2021-07-19,2.24,1.56,1.61,1.4849999999999999
2021-07-26,2021-07-26,2.205,1.54,1.6300000000000001,1.48
2021-08-02,2021-08-02,2.22,1.7275,1.75,1.54
2021-08-09,2021-08-09,2.88,1.605,1.6600000000000001,1.4449999999999998
2021-08-16,2021-08-16,2.935,1.7333333333333334,1.76,1.6300000000000001
2021-08-23,2021-08-23,2.9233333333333333,1.6175000000000002,1.5866666666666667,1.5
2021-08-30,2021-08-30,2.7133333333333334,1.6033333333333333,NA,1.4849999999999999
2021-09-06,2021-09-06,2.44,1.65,1.5566666666666666,1.43
2021-09-13,2021-09-13,2.7649999999999997,1.4000000000000001,1.385,1.3900000000000001
2021-09-20,2021-09-20,2.1475,1.4475,1.6800000000000002,1.3633333333333333
2021-09-27,2021-09-27,2.8633333333333333,1.4375,1.52,1.3366666666666667
2021-10-04,2021-10-04,2.62,1.5775000000000001,1.49,1.415
2021-10-11,2021-10-11,3.1,1.4975,1.51,1.2750000000000001
2021-10-18,2021-10-18,2.68,1.5350000000000001,1.6500000000000001,1.1666666666666667
2021-10-25,2021-10-25,3.0175,1.5125,1.445,1.1800000000000002
2021-11-01,2021-11-01,3.125,1.57,1.48,1.1460000000000001
2021-11-08,2021-11-08,3.14,1.605,1.46,1.2200000000000002
2021-11-15,2021-11-15,3.276666666666667,1.5275,1.4449999999999998,1.0666666666666667
2021-11-22,2021-11-22,2.56,1.4933333333333334,1.45,1.185
2021-11-29,2021-11-29,2.94,1.5125,1.52,1.33
2021-12-06,2021-12-06,3.07,1.47,1.305,1.29
2021-12-13,2021-12-13,3.04,1.3733333333333333,1.47,1.1800000000000002
2021-12-20,2021-12-20,2.685,1.3175000000000001,1.5366666666666666,1.0333333333333334
2021-12-27,2021-12-27,2.8966666666666665,1.5475,1.5466666666666666,1.0916666666666668
2022-01-03,2022-01-03,3.2249999999999996,1.51,1.48,1.1666666666666667
2022-01-10,2022-01-10,3.2399999999999998,1.4775,1.5166666666666668,1.09
2022-01-17,2022-01-17,3.3,1.4683333333333333,1.5233333333333334,1.11
2022-01-24,2022-01-24,3.18,1.472,1.4333333333333333,1.21
2022-01-31,2022-01-31,3.29,1.5575,1.57,1.0733333333333335
2022-02-07,2022-02-07,3.37,1.52,1.51,1.125
2022-02-14,2022-02-14,3.11,1.504,1.482,1.1633333333333333
2022-02-21,2022-02-21,3.2249999999999996,1.4933333333333334,1.4433333333333334,1.1333333333333335
2022-02-28,2022-02-28,3.26,1.486,1.57,1.1333333333333335
2022-03-07,2022-03-07,3.145,1.5183333333333333,1.4633333333333334,1.1433333333333335
2022-03-14,2022-03-14,3.1966666666666663,1.5316666666666667,1.5533333333333335,1.1366666666666667
2022-03-21,2022-03-21,3.1100000000000003,1.5166666666666666,1.365,1.1300000000000001
2022-03-28,2022-03-28,2.9325,1.475,1.5775000000000001,1.12
2022-04-04,2022-04-04,3.242,1.58,1.53,1.145
2022-04-11,2022-04-11,3.145,1.588,1.4466666666666668,1.1600000000000001
2022-04-18,2022-04-18,3.19,1.5325000000000002,1.76,1.185
2022-04-25,2022-04-25,3.2399999999999998,1.795,1.545,1.2433333333333334
2022-05-02,2022-05-02,3.365,1.5825,1.84,1.28
2022-05-09,2022-05-09,3.3433333333333333,1.4649999999999999,1.85,1.3433333333333335
2022-05-16,2022-05-16,3.223333333333333,1.6366666666666667,1.545,1.2349999999999999
2022-05-23,2022-05-23,3.3166666666666664,1.5350000000000001,1.6700000000000002,1.3766666666666667
2022-05-30,2022-05-30,3.23,1.5750000000000002,1.7200000000000002,1.32
2022-06-06,2022-06-06,3.293333333333333,1.6375,1.85,1.4775
2022-06-13,2022-06-13,3.11,1.668,1.72,1.3925
2022-06-20,2022-06-20,3.131666666666667,1.5525,1.595,1.23
2022-06-27,2022-06-27,3.03,1.52,1.46,1.2966666666666666
2022-07-04,2022-07-04,2.828333333333333,1.735,2.385,1.315
2022-07-11,2022-07-11,2.9233333333333333,1.745,1.6300000000000001,1.33
2022-07-18,2022-07-18,2.9425,1.4160000000000001,1.7,1.42
2022-07-25,2022-07-25,2.9699999999999998,1.705,1.5775000000000001,1.4
2022-08-01,2022-08-01,2.9050000000000002,1.68,1.6900000000000002,1.355
2022-08-08,2022-08-08,3.03,1.754,1.94,1.41
2022-08-15,2022-08-15,3,1.6775000000000002,1.78,1.4625
2022-08-22,2022-08-22,2.94,1.708,2.013333333333333,1.4233333333333333
2022-08-29,2022-08-29,2.955,1.742,1.6400000000000001,1.5133333333333334
2022-09-05,2022-09-05,3.0625,1.65,NA,1.5025
2022-09-12,2022-09-12,3.02,1.6700000000000002,1.7000000000000002,1.5925
2022-09-19,2022-09-19,3.0866666666666664,1.7125000000000001,1.7433333333333334,1.5975000000000001
2022-09-26,2022-09-26,3.183333333333333,1.74,1.7349999999999999,1.5375
2022-10-03,2022-10-03,3,1.7937500000000002,1.77,1.59
2022-10-10,2022-10-10,2.8533333333333335,1.8157142857142858,1.79,1.58
2022-10-17,2022-10-17,2.896666666666667,1.8,1.8599999999999999,1.5966666666666667
2022-10-24,2022-10-24,3.1174999999999997,1.8357142857142856,1.7850000000000001,1.5325000000000002
2022-10-31,2022-10-31,2.8,1.85,1.83,1.6475000000000002
2022-11-07,2022-11-07,2.55,1.8599999999999999,1.885,1.6866666666666668
2022-11-14,2022-11-14,2.5799999999999996,1.89,1.835,1.67
2022-11-21,2022-11-21,2.87,1.8699999999999999,1.96,1.6900000000000002
2022-11-28,2022-11-28,2.8566666666666665,1.942,2.0500000000000003,1.7575
2022-12-05,2022-12-05,2.7566666666666664,1.84,1.78,1.6700000000000002
2022-12-12,2022-12-12,2.8233333333333333,1.7866666666666666,1.8800000000000001,1.6500000000000001
2022-12-19,2022-12-19,2.76,1.842,1.83,1.6400000000000001
2022-12-26,2022-12-26,2.77,1.865,1.835,1.6075000000000002
2023-01-02,2023-01-02,2.9099999999999997,1.6724999999999999,1.71,1.6700000000000002
2023-01-09,2023-01-09,2.67,1.738,1.75,1.6866666666666668
2023-01-16,2023-01-16,2.743333333333333,1.756,1.85,1.6733333333333333
2023-01-23,2023-01-23,2.5533333333333332,1.796,1.8250000000000002,1.4625000000000001
2023-01-30,2023-01-30,2.27,1.754,1.6966666666666668,1.5525000000000002
2023-02-06,2023-02-06,2.453333333333333,1.746,1.7575,1.6400000000000001
2023-02-13,2023-02-13,2.4699999999999998,1.716,1.6775,1.6175000000000002
2023-02-20,2023-02-20,2.045,1.724,1.795,1.6266666666666667
2023-02-27,2023-02-27,2.203333333333333,1.7550000000000001,1.6,1.6400000000000001
2023-03-06,2023-03-06,2.198,1.7414285714285715,1.6,1.6333333333333335
2023-03-13,2023-03-13,2.1375,1.76,1.6033333333333335,1.5575
2023-03-20,2023-03-20,2.1,1.6983333333333335,1.58,1.6
2023-03-27,2023-03-27,2.0460000000000003,1.665,1.5,1.5675000000000001
2023-04-03,2023-04-03,2.1233333333333335,1.6366666666666667,NA,1.6
2023-04-10,2023-04-10,1.9733333333333332,1.6580000000000001,1.585,1.5966666666666667
2023-04-17,2023-04-17,2.05,1.6916666666666667,1.6166666666666667,1.4333333333333333
2023-04-24,2023-04-24,2.0866666666666664,1.6700000000000002,1.635,1.5633333333333335
2023-05-01,2023-05-01,2.0633333333333335,1.6825,1.59,1.58
2023-05-08,2023-05-08,2.1266666666666665,1.6420000000000001,1.58,1.57
2023-05-15,2023-05-15,1.995,1.675,1.6600000000000001,1.5533333333333335
2023-05-22,2023-05-22,1.9749999999999999,1.6500000000000001,1.5150000000000001,1.5666666666666667
2023-05-29,2023-05-29,2.08,1.6500000000000001,1.6,1.57
2023-06-05,2023-06-05,2.07,1.61,1.56,1.5350000000000001
2023-06-12,2023-06-12,2.075,1.7025000000000001,1.6533333333333333,1.5750000000000002
2023-06-19,2023-06-19,2.2666666666666666,1.62,1.37,1.565
2023-06-26,2023-06-26,2.71,1.6480000000000001,1.45,1.48
2023-07-03,2023-07-03,2.56,1.58,1.43,1.5166666666666666
2023-07-10,2023-07-10,2.505,1.5725,1.6,1.5533333333333335
2023-07-17,2023-07-17,2.7399999999999998,1.572,1.5350000000000001,1.5433333333333334
2023-07-24,2023-07-24,2.715,1.582,1.545,1.5550000000000002
2023-07-31,2023-07-31,2.6266666666666665,1.61,1.5550000000000002,1.545
2023-08-07,2023-08-07,2.73,1.58,1.56,1.52
2023-08-14,2023-08-14,2.69,1.618,1.46,1.53
2023-08-21,2023-08-21,2.9349999999999996,1.5425,1.4849999999999999,1.5133333333333334
2023-08-28,2023-08-28,2.93,1.525,1.5875,1.53
2023-09-04,2023-09-04,2.9924999999999997,1.5,1.52,1.46
2023-09-11,2023-09-11,2.576666666666666,1.5275,1.445,1.475
2023-09-18,2023-09-18,2.785,1.475,1.46,1.4533333333333334
2023-09-25,2023-09-25,2.89,1.445,1.3366666666666667,1.3833333333333333
2023-10-02,2023-10-02,3.03,1.4175,0.98,1.23
2023-10-09,2023-10-09,3.0666666666666664,1.205,1.02,1.135
2023-10-16,2023-10-16,3.0949999999999998,1.1975,1.2650000000000001,1.0966666666666667
2023-10-23,2023-10-23,2.833333333333333,1.064,1.29,1.1175
2023-10-30,2023-10-30,3.275,1.118,1.22,1.0966666666666667
2023-11-06,2023-11-06,3.17,1.115,0.845,1.1633333333333333
2023-11-13,2023-11-13,3.27,1.0833333333333335,0.9525000000000001,0.9750000000000001
2023-11-20,2023-11-20,3.0666666666666664,1.1433333333333333,0.88,1.2933333333333334
2023-11-27,2023-11-27,3.19,1.08,0.8200000000000001,0.9025000000000001
2023-12-04,2023-12-04,3.0599999999999996,1.1533333333333333,1.2650000000000001,1.025
2023-12-11,2023-12-11,3.09,1.0566666666666666,0.905,1
2023-12-18,2023-12-18,3.1233333333333335,0.9550000000000001,0.8,0.9500000000000001
2023-12-25,2023-12-25,3.0149999999999997,1.005,1.46,0.935
2024-01-01,2024-01-01,3.01,0.9233333333333333,0.81,1.055
2024-01-08,2024-01-08,3.1,0.8766666666666667,0.7933333333333333,0.8900000000000001
2024-01-15,2024-01-15,3.0149999999999997,0.9440000000000001,0.8200000000000001,0.85
2024-01-22,2024-01-22,2.995,0.9650000000000001,0.97,0.9800000000000001
2024-01-29,2024-01-29,3.0199999999999996,0.892,1.06,0.905
2024-02-05,2024-02-05,3.025,0.9216666666666666,1.0675,0.89
2024-02-12,2024-02-12,3.0566666666666666,0.7616666666666667,0.7366666666666667,0.8566666666666667
2024-02-19,2024-02-19,3.0233333333333334,0.9375,0.36,0.7133333333333334
2024-02-26,2024-02-26,2.832,0.808,0.5366666666666667,0.7966666666666666
2024-03-04,2024-03-04,3.0925,0.6766666666666667,0.77,0.7233333333333334
2024-03-11,2024-03-11,3.024,0.755,0.47500000000000003,0.6900000000000001
2024-03-18,2024-03-18,3.1266666666666665,0.6366666666666667,0.7133333333333334,0.6766666666666666
2024-03-25,2024-03-25,3.0566666666666666,0.7625,0.56,0.6466666666666667
2024-04-01,2024-04-01,3.24,0.7366666666666666,0.56,0.615
2024-04-08,2024-04-08,3.2066666666666666,0.7333333333333333,0.54,0.845
2024-04-15,2024-04-15,3.18,0.94,0.49,0.5633333333333334
2024-04-22,2024-04-22,3.15,0.585,0.4966666666666667,0.7849999999999999
2024-04-29,2024-04-29,3.1166666666666667,0.65,0.47500000000000003,0.575
2024-05-06,2024-05-06,2.8,0.555,0.465,0.6
2024-05-13,2024-05-13,3.1875,0.8575,0.48000000000000004,0.595
2024-05-20,2024-05-20,3.1066666666666665,0.5725,0.5066666666666667,0.535
2024-05-27,2024-05-27,3.223333333333333,0.5925,0.5366666666666667,0.545
2024-06-03,2024-06-03,3.0025,0.5875,0.53,0.58
2024-06-10,2024-06-10,3.0549999999999997,0.58,0.49,0.6
2024-06-17,2024-06-17,3.05,0.69,0.55,0.5700000000000001
2024-06-24,2024-06-24,3,0.625,0.53,0.59
2024-07-01,2024-07-01,3.17,0.5766666666666667,NA,0.8366666666666667
2024-07-08,2024-07-08,3.18,0.655,0.635,0.63
2024-07-15,2024-07-15,3.163333333333333,0.64,0.63,0.6599999999999999
2024-07-22,2024-07-22,3.2300000000000004,0.7,0.64,0.59
2024-07-29,2024-07-29,3.26,1.075,0.595,0.6
2024-08-05,2024-08-05,3.005,0.6166666666666667,0.64,0.5800000000000001
2024-08-12,2024-08-12,3.22,0.6833333333333333,0.64,0.62
2024-08-19,2024-08-19,3.275,0.64,0.53,0.5900000000000001
2024-08-26,2024-08-26,3.2350000000000003,0.6950000000000001,0.5900000000000001,0.545
2024-09-02,2024-09-02,3.24,0.59,0.575,0.545
2024-09-09,2024-09-09,3.145,0.6399999999999999,0.5650000000000001,0.575
2024-09-16,2024-09-16,3.235,0.6900000000000001,0.61,0.645
2024-09-23,2024-09-23,3.26,0.6325000000000001,0.62,0.585
2024-09-30,2024-09-30,3.175,0.6,0.6799999999999999,0.645
2024-10-07,2024-10-07,3.2,0.625,0.56,0.625
2024-10-14,2024-10-14,3.13,0.62,0.635,0.655
2024-10-21,2024-10-21,2.9899999999999998,0.6866666666666666,0.7,0.6499999999999999
2024-10-28,2024-10-28,3.19,0.6566666666666666,0.6799999999999999,0.6699999999999999
2024-11-04,2024-11-04,3.1950000000000003,0.7,0.695,0.665
2024-11-11,2024-11-11,3.09,0.6966666666666667,0.725,0.585
2024-11-18,2024-11-18,2.9749999999999996,0.62,0.6749999999999999,0.6299999999999999
2024-11-25,2024-11-25,3.07,0.6333333333333333,0.59,0.645
2024-12-02,2024-12-02,2.9966666666666666,0.605,0.6,0.65
2024-12-09,2024-12-09,2.533333333333333,0.6599999999999999,0.665,0.645
2024-12-16,2024-12-16,3,0.7999999999999999,0.6,0.605
2024-12-23,2024-12-23,2.86,0.6833333333333332,0.6066666666666667,0.62
2024-12-30,2024-12-30,2.77,0.662,0.58,0.63
2025-01-06,2025-01-06,2.8200000000000003,0.6333333333333333,0.62,0.6366666666666666
2025-01-13,2025-01-13,3.005,0.696,0.69,0.63
2025-01-20,2025-01-20,2.5566666666666666,0.6799999999999999,0.74,0.6566666666666666
2025-01-27,2025-01-27,2.66,0.6819999999999999,0.7133333333333333,0.6799999999999999
2025-02-03,2025-02-03,2.5933333333333333,0.6819999999999999,0.7633333333333333,0.695
2025-02-10,2025-02-10,2.4266666666666667,0.726,0.755,0.7366666666666667
2025-02-17,2025-02-17,2.533333333333333,0.778,0.8833333333333334,0.7666666666666666
2025-02-24,2025-02-24,2.848,0.7183333333333333,0.7250000000000001,0.7766666666666666
2025-03-03,2025-03-03,2.6266666666666665,0.74,0.76,0.72
2025-03-10,2025-03-10,2.73,0.78,0.795,0.7066666666666667
2025-03-17,2025-03-17,2.473333333333333,0.798,0.75,0.6766666666666666
2025-03-24,2025-03-24,2.415,0.706,0.78,0.7233333333333333
2025-03-31,2025-03-31,2.56,0.8049999999999999,0.8500000000000001,0.8133333333333334
2025-04-07,2025-04-07,2.645,0.89,NA,0.7966666666666667
2025-04-14,2025-04-14,2.535,0.8025,0.925,0.7833333333333333
2025-04-21,2025-04-21,2.53,0.74,1.01,0.8275
2025-04-28,2025-04-28,2.5,0.92,NA,0.8300000000000001
2025-05-05,2025-05-05,2.5300000000000002,0.9366666666666668,1.11,0.7366666666666667
2025-05-12,2025-05-12,2.6500000000000004,0.9916666666666667,1.09,0.865
2025-05-19,2025-05-19,2.393333333333333,0.9233333333333333,1.085,0.9466666666666667
2025-05-26,2025-05-26,2.6666666666666665,1.006,1.09,0.825
2025-06-02,2025-06-02,2.3,0.912,0.88,0.8766666666666667
2025-06-09,2025-06-09,2.4799999999999995,0.9550000000000001,1.07,0.8600000000000001
2025-06-16,2025-06-16,2.44,1.0025,1.25,0.915
2025-06-23,2025-06-23,2.3433333333333333,0.915,1.04,0.895
2025-06-30,2025-06-30,2.2825,0.95,NA,1.0075
2025-07-07,2025-07-07,2.215,1.04,0.9,1.0250000000000001
2025-07-14,2025-07-14,2.4,0.998,0.99,1.01
2025-07-21,2025-07-21,2.4825,1.07,1.08,0.9633333333333334
2025-07-28,2025-07-28,2.3466666666666667,1.078,1.245,0.9925
2025-08-04,2025-08-04,2.4966666666666666,1.09,1.1700000000000002,1.05
2025-08-11,2025-08-11,2.296666666666667,1.056,NA,1.0133333333333334
2025-08-18,2025-08-18,2.3166666666666664,1.0233333333333334,1.08,1.0666666666666667
2025-08-25,2025-08-25,2.295,1.1,NA,1.0433333333333334
2025-09-01,2025-09-01,2.198,1.072,0.98,1.045
2025-09-08,2025-09-08,2.34,1.036,1.1500000000000001,0.9833333333333334
2025-09-15,2025-09-15,1.53,0.9614285714285714,1.04,0.92
2025-09-22,2025-09-22,2.2199999999999998,0.985,1.05,0.9825
2025-09-29,2025-09-29,1.83,0.8828571428571429,1.04,0.89
2025-10-06,2025-10-06,2.3274999999999997,1.0233333333333334,1.0233333333333334,1.0075
2025-10-13,2025-10-13,2.275,1.03,1.065,0.9975
2025-10-20,2025-10-20,2.2649999999999997,0.9666666666666667,1.0966666666666667,0.995
2025-10-27,2025-10-27,2.214,0.98,1.105,0.9724999999999999
2025-11-03,2025-11-03,2.21,0.998,1.0225,1.0150000000000001
2025-11-10,2025-11-10,2.38,0.8183333333333334,0.8133333333333334,0.798
2025-11-17,2025-11-17,2.3175,0.845,0.9299999999999999,0.8300000000000001
2025-11-24,2025-11-24,2.3249999999999997,1.04,0.99,0.975
2025-12-01,2025-12-01,2.3049999999999997,1.045,1.02,1.01
2025-12-08,2025-12-08,2.3899999999999997,1.0866666666666667,1.0750000000000002,0.9966666666666667
2025-12-15,2025-12-15,2.4466666666666663,1.01,1.02,1.01
2025-12-22,2025-12-22,2.3099999999999996,1.025,1.04,0.99
2025-12-29,2025-12-29,2.3825,1.0233333333333334,1.03,1.02
2026-01-05,2026-01-05,2.4166666666666665,1.028,1.045,1.0575
2026-01-12,2026-01-12,2.5124999999999997,1.092,1.21,1.07
2026-01-19,2026-01-19,2.415,1.0966666666666667,1.2200000000000002,1.102
2026-01-26,2026-01-26,2.3899999999999997,1.1300000000000001,1.04,1.154
2026-02-02,2026-02-02,2.3659999999999997,1.1800000000000002,1.1833333333333333,1.1540000000000001
2026-02-09,2026-02-09,2.393333333333333,1.2033333333333334,1.3533333333333333,1.208
2026-02-16,2026-02-16,2.4099999999999997,1.242,1.51,1.21
2026-02-23,2026-02-23,2.3739999999999997,1.202,1.375,1.212
2026-03-02,2026-03-02,2.3674999999999997,1.205,1.055,1.246
2026-03-09,2026-03-09,2.3899999999999997,1.234,1.52,1.286
2026-03-16,2026-03-16,2.3459999999999996,1.34,1.2033333333333334,1.24
2026-03-23,2026-03-23,2.3866666666666663,1.32,1.3533333333333335,1.322
